Group,Species or closers taxonomic level,Conventional (prev.),Conventional (rel. abund.),Organic (prev.),Organic (rel. abund.),C. annuum (prev.),C. annuum (rel. abund.),C. baccatum (prev.),C. baccatum (rel. abund.),C. chinense (prev.),C. chinense (rel. abund.),Hybrid A (prev.),Hybrid A (rel. abund.),Hybrid B (prev.),Hybrid B (rel. abund.),Bola (prev.),Bola (rel. abund.),Cali. Wond. Red (prev.),Cali. Wond. Red (rel. abund.),Piquillo (prev.),Piquillo (rel. abund.),Serrano (prev.),Serrano (rel. abund.),Blank (prev.),Blank (rel. abund.),"Simonin et al. (2020, prev.)","Simonin et al. (2020, rel. abund.)"
Bacteria,Acidibacter_sp,NA,NA,27.66%,0.11%,28.89%,0.17%,NA,NA,NA,NA,36.36%,0.20%,40.00%,0.19%,NA,NA,45.45%,0.20%,36.36%,0.22%,NA,NA,NA,NA,NA,NA
Bacteria,Acidibacter_sp564,36.73%,0.28%,31.91%,0.23%,28.89%,0.24%,25.00%,0.20%,41.67%,0.24%,27.27%,0.21%,40.00%,0.23%,36.36%,0.24%,45.45%,0.35%,NA,NA,25.00%,0.20%,83.33%,0.51%,NA,NA
Bacteria,Adhaeribacter_sp,48.98%,0.22%,36.17%,0.20%,44.44%,0.20%,33.33%,0.19%,41.67%,0.23%,54.55%,0.24%,50.00%,0.29%,36.36%,0.14%,54.55%,0.25%,54.55%,0.22%,33.33%,0.12%,NA,NA,NA,NA
Bacteria,Adhaeribacter_sp129,NA,NA,NA,NA,NA,NA,NA,NA,NA,NA,NA,NA,NA,NA,NA,NA,27.27%,0.08%,NA,NA,NA,NA,NA,NA,NA,NA
Bacteria,Aeromicrobium_sp,36.73%,1.15%,40.43%,0.37%,42.22%,1.19%,25.00%,0.27%,33.33%,0.25%,54.55%,0.67%,40.00%,0.33%,45.45%,0.40%,54.55%,2.17%,36.36%,0.29%,33.33%,0.22%,NA,NA,NA,NA
Bacteria,Agromyces_ramosus,32.65%,0.17%,34.04%,0.20%,28.89%,0.15%,33.33%,0.19%,33.33%,0.18%,36.36%,0.18%,50.00%,0.34%,27.27%,0.16%,36.36%,0.17%,27.27%,0.09%,25.00%,0.14%,33.33%,0.13%,37.00%,0.08%
Bacteria,Alterococcus_sp,NA,NA,NA,NA,NA,NA,NA,NA,NA,NA,NA,NA,NA,NA,27.27%,0.09%,NA,NA,27.27%,0.09%,NA,NA,NA,NA,NA,NA
Bacteria,Ammoniphilus_sp,NA,NA,NA,NA,NA,NA,NA,NA,NA,NA,NA,NA,NA,NA,NA,NA,27.27%,0.97%,NA,NA,25.00%,10.44%,NA,NA,NA,NA
Bacteria,Arenimonas_daejeonensis,NA,NA,NA,NA,NA,NA,41.67%,2.03%,25.00%,0.11%,NA,NA,NA,NA,NA,NA,27.27%,0.52%,NA,NA,NA,NA,NA,NA,NA,NA
Bacteria,Arenimonas_sp,44.90%,0.26%,46.81%,0.82%,42.22%,0.26%,50.00%,0.26%,41.67%,0.36%,54.55%,1.82%,40.00%,0.20%,27.27%,0.21%,54.55%,0.20%,54.55%,0.37%,33.33%,0.19%,66.67%,0.35%,37.00%,0.09%
Bacteria,Arenimonas_sp601,NA,NA,NA,NA,NA,NA,NA,NA,NA,NA,45.45%,0.15%,NA,NA,NA,NA,NA,NA,NA,NA,NA,NA,NA,NA,37.00%,0.09%
Bacteria,Arthrobacter_crystallopoietes,NA,NA,NA,NA,NA,NA,NA,NA,NA,NA,NA,NA,40.00%,0.22%,NA,NA,NA,NA,NA,NA,NA,NA,NA,NA,70.00%,0.19%
Bacteria,Arthrobacter_sp,NA,NA,NA,NA,NA,NA,NA,NA,NA,NA,45.45%,0.25%,NA,NA,NA,NA,NA,NA,NA,NA,NA,NA,NA,NA,70.00%,0.19%
Bacteria,Bacillus_sp,61.22%,11.03%,70.21%,14.10%,66.67%,13.82%,50.00%,16.07%,58.33%,10.16%,72.73%,8.39%,70.00%,16.61%,63.64%,9.42%,72.73%,9.28%,63.64%,18.60%,66.67%,15.48%,83.33%,0.84%,"42%, 40%","0.23%, 0.08%"
Bacteria,Blastococcus_sp,28.57%,0.34%,27.66%,0.35%,26.67%,0.29%,25.00%,0.26%,41.67%,0.55%,27.27%,0.36%,30.00%,0.43%,27.27%,0.27%,45.45%,0.45%,NA,NA,25.00%,0.28%,NA,NA,57.00%,0.13%
Bacteria,Blastopirellula_sp468,NA,NA,NA,NA,NA,NA,NA,NA,NA,NA,NA,NA,NA,NA,27.27%,0.03%,NA,NA,NA,NA,NA,NA,NA,NA,NA,NA
Bacteria,Bryobacter_sp,30.61%,0.26%,NA,NA,NA,NA,NA,NA,33.33%,0.27%,36.36%,0.25%,NA,NA,NA,NA,36.36%,0.27%,27.27%,0.88%,NA,NA,66.67%,0.35%,NA,NA
Bacteria,Bryobacter_sp3,NA,NA,NA,NA,NA,NA,NA,NA,NA,NA,NA,NA,40.00%,0.28%,27.27%,0.19%,NA,NA,27.27%,0.16%,25.00%,0.16%,50.00%,0.24%,NA,NA
Bacteria,Candidatus_Adlerbacteria_sp381,NA,NA,NA,NA,NA,NA,25.00%,0.02%,NA,NA,NA,NA,NA,NA,27.27%,0.03%,NA,NA,36.36%,0.25%,NA,NA,NA,NA,NA,NA
Bacteria,Candidatus_Azambacteria_sp382,NA,NA,NA,NA,NA,NA,NA,NA,NA,NA,NA,NA,NA,NA,NA,NA,NA,NA,NA,NA,NA,NA,50.00%,0.18%,NA,NA
Bacteria,Candidatus_Entotheonella_sp269,28.57%,0.06%,29.79%,0.07%,28.89%,0.07%,33.33%,0.06%,33.33%,0.06%,NA,NA,30.00%,0.09%,27.27%,0.08%,36.36%,0.08%,27.27%,0.05%,25.00%,0.05%,50.00%,0.11%,NA,NA
Bacteria,Candidatus_Kaiserbacteria_sp385,NA,NA,NA,NA,NA,NA,NA,NA,NA,NA,NA,NA,30.00%,0.07%,NA,NA,NA,NA,NA,NA,NA,NA,NA,NA,NA,NA
Bacteria,Candidatus_Magasanikbacteria_sp,NA,NA,25.53%,0.06%,NA,NA,25.00%,0.03%,NA,NA,NA,NA,30.00%,0.03%,27.27%,0.10%,NA,NA,NA,NA,NA,NA,NA,NA,NA,NA
Bacteria,Candidatus_Nomurabacteria_sp389,NA,NA,NA,NA,NA,NA,NA,NA,NA,NA,27.27%,0.02%,NA,NA,NA,NA,NA,NA,NA,NA,NA,NA,NA,NA,NA,NA
Bacteria,Candidatus_Terrybacteria_sp,NA,NA,NA,NA,NA,NA,NA,NA,25.00%,0.03%,NA,NA,NA,NA,NA,NA,NA,NA,36.36%,0.08%,25.00%,0.03%,66.67%,0.12%,NA,NA
Bacteria,Candidatus_Uhrbacteria,NA,NA,NA,NA,NA,NA,NA,NA,NA,NA,27.27%,0.03%,NA,NA,27.27%,0.03%,NA,NA,NA,NA,NA,NA,NA,NA,NA,NA
Bacteria,Candidatus_Uhrbacteria_sp376,NA,NA,NA,NA,NA,NA,NA,NA,NA,NA,NA,NA,NA,NA,27.27%,0.04%,27.27%,0.05%,27.27%,0.04%,NA,NA,NA,NA,NA,NA
Bacteria,Candidatus_Yanofskybacteria,NA,NA,NA,NA,NA,NA,NA,NA,NA,NA,NA,NA,NA,NA,27.27%,0.03%,NA,NA,NA,NA,NA,NA,NA,NA,NA,NA
Bacteria,Candidatus_Zambryskibacteria_sp,NA,NA,NA,NA,NA,NA,NA,NA,NA,NA,NA,NA,NA,NA,NA,NA,NA,NA,NA,NA,33.33%,0.06%,83.33%,0.29%,NA,NA
Bacteria,Cellvibrio_sp,38.78%,0.41%,27.66%,0.07%,26.67%,0.25%,41.67%,0.24%,58.33%,0.60%,NA,NA,30.00%,0.03%,27.27%,0.07%,27.27%,0.49%,36.36%,0.24%,NA,NA,50.00%,0.07%,35.00%,0.25%
Bacteria,Chryseolinea_sp,34.69%,0.15%,31.91%,0.12%,33.33%,0.13%,NA,NA,41.67%,0.14%,27.27%,0.09%,30.00%,0.10%,36.36%,0.14%,27.27%,0.09%,NA,NA,50.00%,0.17%,66.67%,0.34%,NA,NA
Bacteria,Chthoniobacter_sp620,NA,NA,NA,NA,NA,NA,NA,NA,NA,NA,NA,NA,NA,NA,NA,NA,NA,NA,27.27%,0.09%,NA,NA,NA,NA,NA,NA
Bacteria,Chthoniobacter_sp621,NA,NA,NA,NA,NA,NA,NA,NA,25.00%,0.05%,NA,NA,NA,NA,NA,NA,NA,NA,NA,NA,NA,NA,NA,NA,NA,NA
Bacteria,Crocinitomix_sp144,NA,NA,NA,NA,NA,NA,33.33%,0.08%,NA,NA,NA,NA,NA,NA,NA,NA,NA,NA,NA,NA,NA,NA,33.33%,0.08%,NA,NA
Bacteria,Dojkabacteria_sp,28.57%,0.04%,29.79%,0.04%,31.11%,0.04%,NA,NA,33.33%,0.05%,27.27%,0.03%,NA,NA,NA,NA,36.36%,0.04%,36.36%,0.04%,33.33%,0.04%,50.00%,0.05%,NA,NA
Bacteria,Dongia_sp,51.02%,0.41%,55.32%,0.41%,51.11%,0.43%,41.67%,0.28%,50.00%,0.26%,54.55%,0.40%,50.00%,0.30%,45.45%,0.36%,63.64%,0.59%,54.55%,0.33%,41.67%,0.28%,100.00%,0.80%,NA,NA
Bacteria,Ensifer_sp,NA,NA,NA,NA,NA,NA,NA,NA,NA,NA,45.45%,5.86%,NA,NA,NA,NA,NA,NA,36.36%,4.86%,33.33%,0.22%,NA,NA,NA,NA
Bacteria,Entotheonellaceae_sp,NA,NA,NA,NA,NA,NA,NA,NA,NA,NA,NA,NA,NA,NA,NA,NA,27.27%,0.07%,27.27%,0.06%,NA,NA,33.33%,0.12%,NA,NA
Bacteria,Ereboglobus_sp623,NA,NA,NA,NA,NA,NA,NA,NA,NA,NA,NA,NA,NA,NA,NA,NA,27.27%,0.06%,NA,NA,NA,NA,33.33%,0.07%,NA,NA
Bacteria,Flavisolibacter_sp,26.53%,0.15%,NA,NA,NA,NA,NA,NA,NA,NA,NA,NA,30.00%,0.18%,NA,NA,NA,NA,36.36%,0.14%,NA,NA,33.33%,0.16%,"42%, 42%, 35%, 27%","0.11%, 0.07%, 0.09%, 0.03%"
Bacteria,Flavobacterium_commune,NA,NA,NA,NA,NA,NA,NA,NA,NA,NA,NA,NA,NA,NA,NA,NA,NA,NA,NA,NA,NA,NA,33.33%,0.29%,"40%, 35%","0.89%, 1.48%"
Bacteria,Flavobacterium_sp,28.57%,0.26%,29.79%,0.13%,NA,NA,50.00%,0.35%,33.33%,0.15%,27.27%,0.29%,30.00%,0.09%,NA,NA,NA,NA,45.45%,0.25%,NA,NA,66.67%,0.48%,"40%, 35%","0.89%, 1.48%"
Bacteria,Fluviicola_sp,28.57%,0.47%,NA,NA,NA,NA,50.00%,1.68%,33.33%,0.17%,NA,NA,NA,NA,NA,NA,36.36%,0.13%,27.27%,0.11%,NA,NA,NA,NA,NA,NA
Bacteria,Fluviicola_sp146,NA,NA,NA,NA,NA,NA,NA,NA,NA,NA,27.27%,0.06%,NA,NA,NA,NA,NA,NA,NA,NA,NA,NA,NA,NA,NA,NA
Bacteria,Gaiella_sp,53.06%,1.01%,51.06%,0.99%,51.11%,1.01%,50.00%,0.88%,41.67%,0.96%,54.55%,0.63%,60.00%,1.22%,54.55%,1.12%,54.55%,0.89%,45.45%,0.77%,50.00%,0.96%,66.67%,1.23%,NA,NA
Bacteria,Gaiella_sp85,NA,NA,NA,NA,NA,NA,NA,NA,25.00%,0.12%,27.27%,0.14%,NA,NA,NA,NA,27.27%,0.09%,NA,NA,NA,NA,33.33%,0.17%,NA,NA
Bacteria,Gaiella_sp86,42.86%,0.23%,46.81%,0.33%,40.00%,0.21%,33.33%,0.23%,41.67%,0.18%,45.45%,0.27%,60.00%,0.41%,45.45%,0.30%,27.27%,0.16%,36.36%,0.14%,50.00%,0.20%,83.33%,0.76%,NA,NA
Bacteria,Gemmata_sp,NA,NA,NA,NA,NA,NA,NA,NA,33.33%,0.05%,NA,NA,NA,NA,NA,NA,27.27%,0.06%,NA,NA,NA,NA,33.33%,0.06%,NA,NA
Bacteria,Gemmata_sp457,NA,NA,25.53%,0.08%,31.11%,0.10%,NA,NA,NA,NA,NA,NA,NA,NA,36.36%,0.14%,45.45%,0.10%,NA,NA,33.33%,0.10%,50.00%,0.12%,NA,NA
Bacteria,Gemmata_sp458,NA,NA,NA,NA,NA,NA,NA,NA,NA,NA,NA,NA,NA,NA,NA,NA,27.27%,0.07%,NA,NA,NA,NA,NA,NA,NA,NA
Bacteria,Gemmata_sp459,NA,NA,NA,NA,NA,NA,NA,NA,NA,NA,NA,NA,NA,NA,NA,NA,NA,NA,NA,NA,NA,NA,33.33%,0.12%,NA,NA
Bacteria,Gemmatimonas_sp,55.10%,0.40%,46.81%,0.27%,48.89%,0.36%,41.67%,0.25%,50.00%,0.27%,54.55%,0.40%,60.00%,0.31%,45.45%,0.18%,54.55%,0.26%,54.55%,0.44%,41.67%,0.44%,66.67%,0.31%,NA,NA
Bacteria,Gemmatimonas_sp283,51.02%,0.58%,48.94%,0.54%,51.11%,0.56%,50.00%,0.71%,41.67%,0.31%,45.45%,0.44%,60.00%,0.84%,54.55%,0.54%,54.55%,0.42%,54.55%,0.69%,41.67%,0.45%,50.00%,0.38%,NA,NA
Bacteria,Geodermatophilus_sp,NA,NA,NA,NA,NA,NA,NA,NA,NA,NA,NA,NA,NA,NA,NA,NA,NA,NA,NA,NA,33.33%,0.11%,NA,NA,NA,NA
Bacteria,Haliangium_sp,32.65%,0.35%,40.43%,0.45%,42.22%,0.43%,NA,NA,25.00%,0.16%,27.27%,0.34%,50.00%,0.42%,27.27%,0.12%,45.45%,0.59%,54.55%,0.49%,41.67%,0.30%,66.67%,1.04%,NA,NA
Bacteria,Haliangium_sp337,32.65%,0.48%,31.91%,0.19%,37.78%,0.25%,33.33%,0.08%,NA,NA,27.27%,0.90%,30.00%,0.20%,45.45%,0.28%,27.27%,0.10%,45.45%,0.36%,33.33%,0.19%,50.00%,0.44%,NA,NA
Bacteria,Iamia_sp,NA,NA,38.30%,0.25%,31.11%,0.19%,33.33%,0.23%,NA,NA,NA,NA,40.00%,0.20%,27.27%,0.23%,27.27%,0.13%,27.27%,0.13%,41.67%,0.20%,50.00%,0.20%,NA,NA
Bacteria,Kapabacteriales_sp174,NA,NA,27.66%,0.15%,26.67%,0.13%,NA,NA,NA,NA,36.36%,0.09%,NA,NA,NA,NA,36.36%,0.05%,27.27%,0.33%,25.00%,0.05%,66.67%,0.18%,NA,NA
Bacteria,Kapabacteriales_sp176,NA,NA,NA,NA,NA,NA,NA,NA,NA,NA,27.27%,0.04%,NA,NA,NA,NA,NA,NA,NA,NA,NA,NA,NA,NA,NA,NA
Bacteria,Lacibacter_sp106,NA,NA,NA,NA,NA,NA,NA,NA,NA,NA,NA,NA,NA,NA,NA,NA,NA,NA,NA,NA,NA,NA,50.00%,0.12%,"40%, 40%","0.19%, 0.10%"
Bacteria,Lacunisphaera_sp,NA,NA,29.79%,0.07%,NA,NA,25.00%,0.08%,33.33%,0.06%,27.27%,0.07%,30.00%,0.07%,NA,NA,27.27%,0.09%,NA,NA,33.33%,0.08%,50.00%,0.12%,32.00%,0.05%
Bacteria,Latescibacterota_sp,NA,NA,NA,NA,NA,NA,NA,NA,NA,NA,NA,NA,NA,NA,NA,NA,NA,NA,NA,NA,NA,NA,33.33%,0.12%,NA,NA
Bacteria,Latescibacterota_sp310,NA,NA,NA,NA,NA,NA,NA,NA,NA,NA,NA,NA,NA,NA,NA,NA,NA,NA,NA,NA,NA,NA,33.33%,0.36%,NA,NA
Bacteria,Latescibacterota_sp311,NA,NA,NA,NA,NA,NA,NA,NA,NA,NA,NA,NA,NA,NA,NA,NA,NA,NA,NA,NA,NA,NA,50.00%,0.07%,NA,NA
Bacteria,Legionella_sp,NA,NA,NA,NA,NA,NA,NA,NA,NA,NA,NA,NA,NA,NA,NA,NA,NA,NA,NA,NA,25.00%,0.01%,NA,NA,NA,NA
Bacteria,Longimicrobiaceae_sp,NA,NA,NA,NA,NA,NA,NA,NA,NA,NA,NA,NA,NA,NA,NA,NA,NA,NA,27.27%,0.08%,NA,NA,NA,NA,NA,NA
Bacteria,Luedemannella_sp71,NA,NA,NA,NA,NA,NA,NA,NA,NA,NA,NA,NA,NA,NA,NA,NA,NA,NA,NA,NA,25.00%,0.21%,NA,NA,NA,NA
Bacteria,Lysobacter_sp,53.06%,1.19%,34.04%,0.24%,40.00%,0.24%,41.67%,0.27%,33.33%,0.16%,72.73%,3.30%,40.00%,0.19%,45.45%,0.25%,36.36%,0.23%,45.45%,0.21%,33.33%,0.22%,50.00%,0.32%,NA,NA
Bacteria,Lysobacter_sp604,NA,NA,NA,NA,NA,NA,NA,NA,NA,NA,NA,NA,NA,NA,27.27%,0.16%,NA,NA,NA,NA,NA,NA,NA,NA,NA,NA
Bacteria,Lysobacter_terricola,NA,NA,NA,NA,NA,NA,NA,NA,NA,NA,NA,NA,NA,NA,NA,NA,NA,NA,36.36%,0.20%,NA,NA,NA,NA,NA,NA
Bacteria,Massilia_sp,NA,NA,NA,NA,NA,NA,25.00%,0.05%,NA,NA,NA,NA,NA,NA,NA,NA,27.27%,0.07%,27.27%,0.09%,NA,NA,NA,NA,"48%, 47%, 40%, 40%, 33%","0.31%, 0.25%, 0.15%, 0.09%, 0.11%"
Bacteria,Microvirga_sp,NA,NA,NA,NA,NA,NA,25.00%,0.23%,NA,NA,27.27%,0.20%,40.00%,0.38%,NA,NA,NA,NA,NA,NA,NA,NA,NA,NA,NA,NA
Bacteria,Mycobacterium_sp,NA,NA,NA,NA,NA,NA,NA,NA,NA,NA,NA,NA,30.00%,1.13%,NA,NA,NA,NA,NA,NA,NA,NA,NA,NA,NA,NA
Bacteria,Nannocystis_sp,NA,NA,NA,NA,NA,NA,25.00%,0.03%,NA,NA,NA,NA,NA,NA,NA,NA,NA,NA,NA,NA,NA,NA,NA,NA,NA,NA
Bacteria,Nannocystis_sp344,NA,NA,44.68%,0.27%,26.67%,0.16%,41.67%,0.22%,33.33%,0.14%,36.36%,0.18%,30.00%,0.12%,27.27%,0.14%,27.27%,0.16%,27.27%,0.17%,25.00%,0.13%,83.33%,0.38%,NA,NA
Bacteria,Niastella_sp,NA,NA,NA,NA,NA,NA,NA,NA,NA,NA,NA,NA,NA,NA,NA,NA,27.27%,0.60%,27.27%,0.13%,NA,NA,NA,NA,32.00%,0.09%
Bacteria,Nitrospira_sp,38.78%,0.33%,38.30%,0.42%,37.78%,0.33%,NA,NA,50.00%,0.62%,36.36%,0.27%,30.00%,0.27%,36.36%,0.44%,45.45%,0.24%,45.45%,0.30%,25.00%,0.24%,83.33%,0.79%,67.00%,0.14%
Bacteria,Nitrospira_sp373,NA,NA,NA,NA,NA,NA,NA,NA,NA,NA,27.27%,0.14%,NA,NA,NA,NA,27.27%,0.15%,NA,NA,NA,NA,50.00%,0.37%,67.00%,0.14%
Bacteria,Nocardioides_sp,57.14%,1.40%,57.45%,1.65%,55.56%,1.46%,50.00%,1.82%,50.00%,1.75%,54.55%,0.86%,60.00%,1.78%,54.55%,1.23%,63.64%,1.60%,54.55%,1.16%,50.00%,1.35%,100.00%,1.25%,NA,NA
Bacteria,Nocardioides_sp75,44.90%,0.46%,NA,NA,33.33%,0.35%,NA,NA,41.67%,0.48%,27.27%,0.25%,40.00%,0.38%,27.27%,0.31%,36.36%,0.34%,45.45%,0.37%,25.00%,0.28%,66.67%,0.48%,NA,NA
Bacteria,Nonomuraea_sp,NA,NA,NA,NA,NA,NA,NA,NA,NA,NA,NA,NA,NA,NA,NA,NA,27.27%,2.10%,NA,NA,NA,NA,NA,NA,NA,NA
Bacteria,Ohtaekwangia_sp,NA,NA,NA,NA,NA,NA,NA,NA,NA,NA,NA,NA,NA,NA,27.27%,3.46%,NA,NA,NA,NA,NA,NA,NA,NA,"28%, 28%","0.06%, 0.04%"
Bacteria,Paenibacillus_sp,NA,NA,NA,NA,NA,NA,NA,NA,NA,NA,NA,NA,NA,NA,27.27%,0.74%,36.36%,3.97%,NA,NA,NA,NA,NA,NA,NA,NA
Bacteria,Pajaroellobacter_sp,NA,NA,NA,NA,NA,NA,NA,NA,NA,NA,27.27%,0.09%,NA,NA,NA,NA,NA,NA,NA,NA,NA,NA,NA,NA,NA,NA
Bacteria,Parcubacteria_sp394,NA,NA,25.53%,0.54%,28.89%,0.52%,33.33%,0.06%,NA,NA,NA,NA,NA,NA,36.36%,0.06%,NA,NA,36.36%,1.66%,25.00%,0.04%,66.67%,0.12%,NA,NA
Bacteria,Pedosphaeraceae_sp636,NA,NA,NA,NA,NA,NA,NA,NA,NA,NA,NA,NA,NA,NA,NA,NA,NA,NA,NA,NA,NA,NA,33.33%,0.14%,NA,NA
Bacteria,Permianibacter_sp578,NA,NA,NA,NA,NA,NA,NA,NA,NA,NA,NA,NA,NA,NA,NA,NA,NA,NA,36.36%,0.04%,NA,NA,33.33%,0.09%,NA,NA
Bacteria,Phaselicystis_sp354,36.73%,0.12%,36.17%,0.11%,40.00%,0.13%,25.00%,0.08%,25.00%,0.07%,36.36%,0.12%,40.00%,0.12%,45.45%,0.13%,27.27%,0.06%,36.36%,0.12%,50.00%,0.16%,50.00%,0.12%,NA,NA
Bacteria,Phenylobacterium_sp,26.53%,0.16%,NA,NA,NA,NA,NA,NA,NA,NA,NA,NA,NA,NA,27.27%,0.11%,NA,NA,27.27%,0.11%,25.00%,0.09%,NA,NA,57.00%,0.10%
Bacteria,Phycisphaera_sp,NA,NA,NA,NA,NA,NA,NA,NA,NA,NA,NA,NA,NA,NA,NA,NA,27.27%,0.02%,NA,NA,NA,NA,NA,NA,NA,NA
Bacteria,Pirellula_sp,51.02%,0.20%,42.55%,0.20%,46.67%,0.24%,33.33%,0.10%,41.67%,0.10%,54.55%,0.17%,60.00%,0.19%,36.36%,0.13%,45.45%,0.16%,54.55%,0.36%,50.00%,0.22%,50.00%,0.21%,NA,NA
Bacteria,Pirellula_sp476,48.98%,0.11%,42.55%,0.11%,46.67%,0.12%,50.00%,0.12%,33.33%,0.04%,45.45%,0.11%,40.00%,0.08%,54.55%,0.14%,54.55%,0.13%,45.45%,0.10%,33.33%,0.07%,66.67%,0.18%,NA,NA
Bacteria,Pirellula_sp477,NA,NA,36.17%,0.21%,NA,NA,NA,NA,25.00%,0.10%,27.27%,0.10%,NA,NA,27.27%,0.18%,36.36%,0.17%,NA,NA,NA,NA,66.67%,0.33%,NA,NA
Bacteria,Pirellula_sp479,NA,NA,NA,NA,NA,NA,25.00%,0.03%,NA,NA,NA,NA,NA,NA,NA,NA,NA,NA,NA,NA,NA,NA,NA,NA,NA,NA
Bacteria,Polycyclovorans_sp,NA,NA,NA,NA,NA,NA,25.00%,0.12%,NA,NA,NA,NA,NA,NA,NA,NA,NA,NA,NA,NA,25.00%,0.05%,NA,NA,NA,NA
Bacteria,Polycyclovorans_sp582,NA,NA,NA,NA,NA,NA,NA,NA,NA,NA,27.27%,0.08%,NA,NA,36.36%,0.13%,27.27%,0.04%,27.27%,0.06%,NA,NA,33.33%,0.13%,NA,NA
Bacteria,Polycyclovorans_sp583,NA,NA,NA,NA,NA,NA,NA,NA,NA,NA,NA,NA,NA,NA,NA,NA,NA,NA,27.27%,0.11%,NA,NA,50.00%,0.31%,NA,NA
Bacteria,Pontibacter_populi,NA,NA,NA,NA,NA,NA,25.00%,0.10%,NA,NA,36.36%,0.21%,30.00%,0.10%,NA,NA,NA,NA,NA,NA,NA,NA,NA,NA,NA,NA
Bacteria,Pontibacter_sp,30.61%,0.13%,NA,NA,26.67%,0.09%,NA,NA,33.33%,0.12%,NA,NA,30.00%,0.14%,NA,NA,27.27%,0.07%,NA,NA,41.67%,0.13%,33.33%,0.06%,NA,NA
Bacteria,Pontibacter_sp132,NA,NA,NA,NA,NA,NA,NA,NA,NA,NA,27.27%,0.09%,NA,NA,NA,NA,NA,NA,NA,NA,NA,NA,NA,NA,NA,NA
Bacteria,Pseudomonas_sp,53.06%,1.46%,65.96%,7.47%,60.00%,4.30%,58.33%,2.31%,50.00%,3.19%,72.73%,3.33%,40.00%,3.45%,63.64%,5.49%,63.64%,8.05%,72.73%,1.16%,41.67%,0.20%,83.33%,0.68%,"28%, 27%","0.26%, 0.32%"
Bacteria,Pseudonocardia_sp,NA,NA,NA,NA,NA,NA,NA,NA,25.00%,0.07%,NA,NA,NA,NA,NA,NA,NA,NA,NA,NA,NA,NA,NA,NA,NA,NA
Bacteria,Puia_sp,34.69%,0.29%,NA,NA,26.67%,0.18%,NA,NA,25.00%,0.16%,36.36%,0.17%,30.00%,0.35%,NA,NA,45.45%,0.29%,NA,NA,33.33%,0.21%,NA,NA,NA,NA
Bacteria,Reyranella_soli,NA,NA,NA,NA,NA,NA,NA,NA,NA,NA,NA,NA,NA,NA,27.27%,0.09%,27.27%,0.09%,NA,NA,NA,NA,NA,NA,NA,NA
Bacteria,Rhizobacter_sp,NA,NA,NA,NA,NA,NA,NA,NA,NA,NA,27.27%,0.13%,NA,NA,NA,NA,NA,NA,NA,NA,NA,NA,NA,NA,NA,NA
Bacteria,Rhodopirellula_sp,NA,NA,NA,NA,NA,NA,NA,NA,NA,NA,27.27%,1.04%,NA,NA,NA,NA,NA,NA,NA,NA,NA,NA,NA,NA,NA,NA
Bacteria,Rhodothermaceae_sp,NA,NA,NA,NA,NA,NA,NA,NA,NA,NA,27.27%,0.04%,NA,NA,NA,NA,NA,NA,NA,NA,25.00%,0.05%,NA,NA,NA,NA
Bacteria,Rokubacteriales_sp,NA,NA,NA,NA,NA,NA,25.00%,0.17%,25.00%,0.02%,NA,NA,30.00%,0.15%,NA,NA,NA,NA,27.27%,0.14%,33.33%,0.02%,50.00%,0.01%,NA,NA
Bacteria,Rokubacteriales_sp314,NA,NA,NA,NA,NA,NA,NA,NA,NA,NA,NA,NA,NA,NA,NA,NA,NA,NA,NA,NA,NA,NA,50.00%,0.11%,NA,NA
Bacteria,Rubrobacter_sp,NA,NA,NA,NA,28.89%,0.18%,NA,NA,25.00%,0.17%,NA,NA,NA,NA,27.27%,0.22%,36.36%,0.20%,NA,NA,33.33%,0.12%,NA,NA,30.00%,0.03%
Bacteria,Rubrobacter_sp82,51.02%,0.88%,53.19%,0.73%,46.67%,0.71%,50.00%,0.95%,41.67%,0.60%,54.55%,0.75%,60.00%,0.79%,54.55%,0.83%,54.55%,0.75%,54.55%,0.72%,25.00%,0.36%,100.00%,1.45%,30.00%,0.03%
Bacteria,Rubrobacter_sp84,26.53%,0.22%,40.43%,0.45%,33.33%,0.32%,33.33%,0.33%,NA,NA,54.55%,0.45%,50.00%,0.61%,27.27%,0.26%,36.36%,0.22%,36.36%,0.30%,33.33%,0.39%,NA,NA,30.00%,0.03%
Bacteria,Skermanella_sp,NA,NA,NA,NA,NA,NA,NA,NA,NA,NA,NA,NA,30.00%,0.32%,NA,NA,NA,NA,NA,NA,25.00%,0.23%,NA,NA,NA,NA
Bacteria,Solirubrobacter_sp,NA,NA,NA,NA,NA,NA,NA,NA,NA,NA,NA,NA,30.00%,0.67%,NA,NA,NA,NA,NA,NA,NA,NA,50.00%,0.82%,NA,NA
Bacteria,Solirubrobacter_sp95,36.73%,0.70%,38.30%,0.86%,40.00%,0.82%,25.00%,0.46%,41.67%,0.85%,45.45%,1.11%,40.00%,0.69%,36.36%,0.85%,45.45%,0.69%,45.45%,0.79%,33.33%,0.73%,NA,NA,NA,NA
Bacteria,Sphingobium_sp,NA,NA,NA,NA,NA,NA,NA,NA,25.00%,0.13%,NA,NA,NA,NA,NA,NA,NA,NA,NA,NA,NA,NA,NA,NA,NA,NA
Bacteria,Sphingomonas_daechungensis,NA,NA,NA,NA,NA,NA,33.33%,0.44%,NA,NA,NA,NA,30.00%,0.25%,NA,NA,27.27%,0.29%,27.27%,0.23%,NA,NA,NA,NA,42.00%,0.07%
Bacteria,Sphingomonas_sp,36.73%,0.47%,38.30%,2.57%,40.00%,0.50%,25.00%,0.27%,41.67%,8.77%,45.45%,0.49%,40.00%,0.48%,36.36%,0.50%,45.45%,0.36%,36.36%,0.39%,41.67%,0.62%,NA,NA,42.00%,0.07%
Bacteria,Steroidobacter_sp,53.06%,2.14%,48.94%,1.00%,55.56%,2.27%,50.00%,0.88%,41.67%,1.75%,45.45%,0.69%,40.00%,0.62%,54.55%,4.44%,63.64%,2.07%,54.55%,0.75%,50.00%,0.71%,66.67%,0.56%,30.00%,0.06%
Bacteria,Streptomyces_sp,81.63%,18.77%,57.45%,6.18%,73.33%,13.32%,75.00%,20.84%,66.67%,11.46%,72.73%,6.62%,70.00%,12.24%,81.82%,12.13%,81.82%,8.84%,63.64%,4.73%,66.67%,17.33%,33.33%,0.38%,33.00%,0.03%
Bacteria,Terrimonas_sp,NA,NA,NA,NA,NA,NA,NA,NA,NA,NA,NA,NA,NA,NA,NA,NA,NA,NA,27.27%,0.12%,NA,NA,50.00%,0.14%,NA,NA
Bacteria,type_III_sp,NA,NA,NA,NA,NA,NA,NA,NA,NA,NA,NA,NA,NA,NA,NA,NA,NA,NA,27.27%,9.10%,NA,NA,NA,NA,NA,NA
Bacteria,Unid_368,NA,NA,NA,NA,NA,NA,NA,NA,NA,NA,NA,NA,NA,NA,NA,NA,NA,NA,NA,NA,NA,NA,33.33%,0.23%,NA,NA
Bacteria,Unid_370,NA,NA,NA,NA,NA,NA,NA,NA,NA,NA,NA,NA,NA,NA,27.27%,0.01%,NA,NA,NA,NA,NA,NA,NA,NA,NA,NA
Bacteria,Unid_371,NA,NA,29.79%,0.12%,26.67%,0.11%,NA,NA,NA,NA,NA,NA,NA,NA,NA,NA,NA,NA,36.36%,0.10%,41.67%,0.17%,50.00%,0.31%,NA,NA
Bacteria,Unid_Acidimicrobiia,38.78%,0.42%,34.04%,0.36%,37.78%,0.45%,33.33%,0.41%,25.00%,0.15%,45.45%,0.55%,NA,NA,45.45%,0.53%,45.45%,0.35%,54.55%,0.68%,NA,NA,66.67%,0.31%,NA,NA
Bacteria,Unid_Acidimicrobiia51,NA,NA,NA,NA,NA,NA,NA,NA,NA,NA,NA,NA,NA,NA,NA,NA,27.27%,0.14%,NA,NA,41.67%,0.24%,33.33%,0.05%,NA,NA
Bacteria,Unid_Acidimicrobiia54,NA,NA,NA,NA,NA,NA,NA,NA,NA,NA,36.36%,0.17%,30.00%,0.27%,NA,NA,NA,NA,NA,NA,NA,NA,NA,NA,NA,NA
Bacteria,Unid_Acidobacteriae6,NA,NA,NA,NA,NA,NA,NA,NA,NA,NA,27.27%,0.03%,NA,NA,NA,NA,NA,NA,NA,NA,NA,NA,50.00%,0.07%,NA,NA
Bacteria,Unid_Acidobacteriota,NA,NA,NA,NA,NA,NA,NA,NA,NA,NA,27.27%,0.06%,NA,NA,NA,NA,NA,NA,36.36%,0.07%,NA,NA,NA,NA,NA,NA
Bacteria,Unid_Acidobacteriota23,34.69%,0.18%,NA,NA,28.89%,0.16%,33.33%,0.14%,NA,NA,27.27%,0.12%,40.00%,0.17%,36.36%,0.22%,36.36%,0.13%,27.27%,0.13%,NA,NA,33.33%,0.22%,NA,NA
Bacteria,Unid_Actinobacteria67,NA,NA,NA,NA,NA,NA,NA,NA,NA,NA,NA,NA,NA,NA,NA,NA,NA,NA,NA,NA,25.00%,0.00%,NA,NA,NA,NA
Bacteria,Unid_Actinobacteriota,44.90%,0.80%,46.81%,0.65%,42.22%,0.49%,33.33%,0.45%,41.67%,1.69%,45.45%,0.50%,60.00%,0.78%,54.55%,0.60%,45.45%,0.56%,45.45%,0.40%,25.00%,0.29%,83.33%,1.03%,NA,NA
Bacteria,Unid_Actinobacteriota77,38.78%,0.39%,34.04%,0.34%,33.33%,0.32%,33.33%,0.42%,25.00%,0.25%,45.45%,0.34%,40.00%,0.33%,27.27%,0.23%,27.27%,0.29%,45.45%,0.24%,33.33%,0.39%,66.67%,0.75%,NA,NA
Bacteria,Unid_Actinobacteriota78,28.57%,0.20%,NA,NA,NA,NA,25.00%,0.21%,25.00%,0.12%,27.27%,0.21%,NA,NA,36.36%,0.45%,NA,NA,NA,NA,NA,NA,33.33%,0.14%,NA,NA
Bacteria,Unid_Actinobacteriota79,55.10%,0.68%,57.45%,0.80%,53.33%,0.67%,50.00%,0.67%,50.00%,0.60%,54.55%,0.65%,60.00%,0.80%,54.55%,0.65%,54.55%,0.60%,54.55%,0.57%,50.00%,0.67%,100.00%,1.37%,NA,NA
Bacteria,Unid_Actinomarinales,40.82%,0.28%,46.81%,0.35%,42.22%,0.30%,41.67%,0.29%,41.67%,0.29%,45.45%,0.31%,50.00%,0.39%,45.45%,0.32%,45.45%,0.30%,36.36%,0.23%,41.67%,0.27%,50.00%,0.30%,NA,NA
Bacteria,Unid_Actinomarinales49,NA,NA,NA,NA,NA,NA,NA,NA,NA,NA,NA,NA,NA,NA,NA,NA,NA,NA,NA,NA,33.33%,0.15%,NA,NA,NA,NA
Bacteria,Unid_Actinomarinales50,NA,NA,NA,NA,NA,NA,NA,NA,NA,NA,NA,NA,NA,NA,NA,NA,NA,NA,NA,NA,NA,NA,50.00%,0.21%,NA,NA
Bacteria,Unid_Alcaligenaceae,NA,NA,NA,NA,NA,NA,NA,NA,33.33%,0.02%,27.27%,0.01%,30.00%,0.02%,NA,NA,NA,NA,NA,NA,NA,NA,NA,NA,NA,NA
Bacteria,Unid_Anaerolineaceae194,NA,NA,NA,NA,NA,NA,NA,NA,NA,NA,45.45%,0.11%,NA,NA,NA,NA,27.27%,0.07%,NA,NA,NA,NA,NA,NA,"32%, 27%","0.14%, 0.04%"
Bacteria,Unid_Ardenticatenales198,NA,NA,NA,NA,NA,NA,NA,NA,NA,NA,NA,NA,NA,NA,NA,NA,27.27%,0.06%,NA,NA,25.00%,0.06%,NA,NA,NA,NA
Bacteria,Unid_Azospirillales,34.69%,0.25%,36.17%,0.27%,37.78%,0.27%,33.33%,0.26%,33.33%,0.28%,27.27%,0.15%,30.00%,0.21%,54.55%,0.36%,36.36%,0.26%,36.36%,0.26%,25.00%,0.12%,50.00%,0.32%,NA,NA
Bacteria,Unid_Bacteroidia,NA,NA,25.53%,0.03%,NA,NA,25.00%,0.04%,NA,NA,36.36%,0.02%,40.00%,0.03%,27.27%,0.06%,NA,NA,NA,NA,NA,NA,NA,NA,NA,NA
Bacteria,Unid_Bdellovibrionaceae188,NA,NA,NA,NA,NA,NA,NA,NA,NA,NA,NA,NA,NA,NA,NA,NA,27.27%,0.07%,NA,NA,NA,NA,NA,NA,NA,NA
Bacteria,Unid_Blastocatellaceae,NA,NA,NA,NA,NA,NA,NA,NA,NA,NA,NA,NA,30.00%,0.15%,NA,NA,NA,NA,NA,NA,NA,NA,50.00%,0.13%,"43%, 37%","0.30%, 0.13%"
Bacteria,Unid_Blastocatellaceae10,32.65%,0.23%,NA,NA,31.11%,0.20%,25.00%,0.14%,NA,NA,27.27%,0.18%,30.00%,0.17%,36.36%,0.23%,27.27%,0.14%,36.36%,0.19%,25.00%,0.19%,33.33%,0.29%,"43%, 37%","0.30%, 0.13%"
Bacteria,Unid_Blastocatellaceae11,NA,NA,NA,NA,NA,NA,NA,NA,25.00%,0.12%,NA,NA,NA,NA,NA,NA,NA,NA,NA,NA,NA,NA,NA,NA,"43%, 37%","0.30%, 0.13%"
Bacteria,Unid_Blastocatellia12,NA,NA,NA,NA,NA,NA,NA,NA,NA,NA,27.27%,0.06%,30.00%,0.05%,NA,NA,NA,NA,NA,NA,NA,NA,NA,NA,NA,NA
Bacteria,Unid_Burkholderiales546,53.06%,0.45%,51.06%,0.39%,46.67%,0.42%,50.00%,0.38%,50.00%,0.35%,54.55%,0.30%,50.00%,0.34%,45.45%,0.36%,45.45%,0.44%,45.45%,0.45%,50.00%,0.29%,100.00%,0.78%,NA,NA
Bacteria,Unid_Burkholderiales550,NA,NA,27.66%,0.18%,NA,NA,NA,NA,NA,NA,NA,NA,NA,NA,27.27%,0.18%,NA,NA,NA,NA,NA,NA,50.00%,0.29%,NA,NA
Bacteria,Unid_Caldilineaceae202,32.65%,0.21%,31.91%,0.18%,28.89%,0.17%,25.00%,0.16%,50.00%,0.24%,NA,NA,40.00%,0.33%,27.27%,0.16%,36.36%,0.20%,27.27%,0.14%,25.00%,0.14%,50.00%,0.21%,NA,NA
Bacteria,Unid_Chitinophagaceae,46.94%,0.17%,29.79%,0.16%,44.44%,0.17%,25.00%,0.19%,25.00%,0.14%,45.45%,0.18%,30.00%,0.08%,45.45%,0.18%,54.55%,0.13%,36.36%,0.15%,41.67%,0.16%,50.00%,0.13%,"48%, 32%, 32%, 30%, 30%, 27%, 27%","0.42%, 0.07%, 0.04%, 0.09%, 0.08%, 0.04%, 0.03%"
Bacteria,Unid_Chitinophagaceae113,NA,NA,36.17%,0.21%,NA,NA,25.00%,0.14%,25.00%,0.15%,36.36%,0.38%,40.00%,0.20%,27.27%,0.08%,27.27%,0.08%,NA,NA,25.00%,0.16%,50.00%,0.36%,"48%, 32%, 32%, 30%, 30%, 27%, 27%","0.42%, 0.07%, 0.04%, 0.09%, 0.08%, 0.04%, 0.03%"
Bacteria,Unid_Chitinophagaceae114,NA,NA,NA,NA,NA,NA,NA,NA,25.00%,0.15%,NA,NA,NA,NA,NA,NA,NA,NA,NA,NA,NA,NA,NA,NA,"48%, 32%, 32%, 30%, 30%, 27%, 27%","0.42%, 0.07%, 0.04%, 0.09%, 0.08%, 0.04%, 0.03%"
Bacteria,Unid_Chitinophagaceae117,NA,NA,NA,NA,NA,NA,NA,NA,NA,NA,NA,NA,NA,NA,NA,NA,NA,NA,27.27%,0.09%,NA,NA,NA,NA,"48%, 32%, 32%, 30%, 30%, 27%, 27%","0.42%, 0.07%, 0.04%, 0.09%, 0.08%, 0.04%, 0.03%"
Bacteria,Unid_Chloroflexi235,53.06%,0.85%,55.32%,0.99%,53.33%,0.86%,50.00%,0.89%,41.67%,0.55%,54.55%,0.85%,60.00%,1.19%,54.55%,0.86%,54.55%,0.86%,54.55%,0.80%,50.00%,0.68%,83.33%,1.48%,NA,NA
Bacteria,Unid_Chloroflexi237,NA,NA,NA,NA,NA,NA,NA,NA,33.33%,0.70%,NA,NA,40.00%,0.23%,NA,NA,NA,NA,NA,NA,NA,NA,NA,NA,NA,NA
Bacteria,Unid_Chloroflexi239,NA,NA,NA,NA,NA,NA,NA,NA,NA,NA,36.36%,0.10%,30.00%,0.10%,27.27%,0.10%,27.27%,0.10%,NA,NA,25.00%,0.05%,NA,NA,NA,NA
Bacteria,Unid_Chloroflexi241,53.06%,0.34%,55.32%,0.40%,51.11%,0.32%,50.00%,0.34%,50.00%,0.38%,54.55%,0.31%,60.00%,0.50%,54.55%,0.37%,54.55%,0.32%,54.55%,0.28%,41.67%,0.22%,83.33%,0.48%,NA,NA
Bacteria,Unid_Chloroflexi242,NA,NA,NA,NA,NA,NA,NA,NA,NA,NA,NA,NA,NA,NA,NA,NA,NA,NA,45.45%,0.10%,NA,NA,NA,NA,NA,NA
Bacteria,Unid_Chloroflexi243,28.57%,0.29%,29.79%,0.51%,31.11%,0.50%,25.00%,0.45%,25.00%,0.19%,NA,NA,30.00%,0.11%,36.36%,0.44%,36.36%,0.68%,NA,NA,33.33%,0.24%,50.00%,0.82%,NA,NA
Bacteria,Unid_Chloroflexi244,48.98%,0.93%,40.43%,0.74%,44.44%,0.76%,33.33%,0.63%,33.33%,0.86%,54.55%,0.81%,60.00%,1.21%,36.36%,0.67%,45.45%,0.75%,54.55%,0.71%,41.67%,0.69%,50.00%,0.88%,NA,NA
Bacteria,Unid_Chloroflexi246,34.69%,0.29%,44.68%,0.50%,40.00%,0.43%,NA,NA,25.00%,0.20%,45.45%,0.42%,40.00%,0.20%,36.36%,0.30%,27.27%,0.20%,54.55%,0.72%,41.67%,0.32%,100.00%,1.01%,NA,NA
Bacteria,Unid_Chloroflexi249,38.78%,0.35%,42.55%,0.42%,31.11%,0.29%,41.67%,0.39%,33.33%,0.37%,54.55%,0.41%,40.00%,0.38%,27.27%,0.24%,NA,NA,45.45%,0.35%,33.33%,0.34%,100.00%,0.79%,NA,NA
Bacteria,Unid_Chloroflexi250,NA,NA,NA,NA,NA,NA,NA,NA,NA,NA,NA,NA,NA,NA,NA,NA,27.27%,0.13%,NA,NA,25.00%,0.07%,NA,NA,NA,NA
Bacteria,Unid_Chloroflexi251,NA,NA,NA,NA,NA,NA,NA,NA,NA,NA,NA,NA,NA,NA,27.27%,0.14%,36.36%,0.12%,NA,NA,NA,NA,NA,NA,NA,NA
Bacteria,Unid_Chloroflexi253,55.10%,0.56%,57.45%,0.66%,53.33%,0.58%,50.00%,0.48%,50.00%,0.53%,54.55%,0.55%,60.00%,0.74%,54.55%,0.58%,54.55%,0.60%,54.55%,0.48%,50.00%,0.50%,100.00%,0.91%,NA,NA
Bacteria,Unid_Chthonomonadales_96,36.73%,0.14%,NA,NA,31.11%,0.11%,NA,NA,33.33%,0.12%,45.45%,0.12%,NA,NA,36.36%,0.09%,27.27%,0.08%,36.36%,0.12%,25.00%,0.11%,33.33%,0.10%,NA,NA
Bacteria,Unid_Comamonadaceae,44.90%,0.44%,51.06%,0.60%,48.89%,0.46%,33.33%,1.31%,41.67%,0.48%,54.55%,0.22%,40.00%,0.25%,45.45%,0.20%,54.55%,0.64%,54.55%,0.56%,41.67%,0.20%,83.33%,0.28%,NA,NA
Bacteria,Unid_Dehalococcoidia230,46.94%,0.51%,36.17%,0.46%,42.22%,0.43%,33.33%,0.49%,41.67%,0.57%,54.55%,0.64%,40.00%,0.52%,45.45%,0.48%,45.45%,0.35%,45.45%,0.47%,33.33%,0.30%,33.33%,0.18%,NA,NA
Bacteria,Unid_Dehalococcoidia231,NA,NA,NA,NA,NA,NA,NA,NA,NA,NA,NA,NA,NA,NA,NA,NA,NA,NA,27.27%,0.18%,NA,NA,66.67%,0.74%,NA,NA
Bacteria,Unid_Dehalococcoidia232,NA,NA,NA,NA,NA,NA,NA,NA,NA,NA,NA,NA,NA,NA,NA,NA,NA,NA,NA,NA,NA,NA,33.33%,0.02%,NA,NA
Bacteria,Unid_Dehalococcoidia233,NA,NA,NA,NA,NA,NA,NA,NA,25.00%,0.02%,NA,NA,NA,NA,NA,NA,NA,NA,NA,NA,NA,NA,NA,NA,NA,NA
Bacteria,Unid_Elusimicrobia,NA,NA,NA,NA,NA,NA,NA,NA,NA,NA,NA,NA,NA,NA,NA,NA,NA,NA,45.45%,0.55%,NA,NA,NA,NA,NA,NA
Bacteria,Unid_Elusimicrobia261,34.69%,0.07%,NA,NA,33.33%,0.08%,NA,NA,NA,NA,36.36%,0.07%,NA,NA,27.27%,0.03%,27.27%,0.09%,45.45%,0.08%,33.33%,0.07%,33.33%,0.05%,NA,NA
Bacteria,Unid_Elusimicrobiota266,32.65%,0.24%,46.81%,0.30%,42.22%,0.31%,NA,NA,33.33%,0.20%,45.45%,0.31%,50.00%,0.19%,45.45%,0.31%,36.36%,0.29%,45.45%,0.28%,41.67%,0.27%,50.00%,0.40%,NA,NA
Bacteria,Unid_Elusimicrobiota267,NA,NA,NA,NA,NA,NA,33.33%,0.18%,NA,NA,NA,NA,30.00%,0.14%,NA,NA,NA,NA,27.27%,0.07%,NA,NA,50.00%,0.11%,NA,NA
Bacteria,Unid_Fibrobacteraceae,NA,NA,NA,NA,NA,NA,NA,NA,NA,NA,NA,NA,NA,NA,NA,NA,NA,NA,NA,NA,NA,NA,33.33%,0.07%,NA,NA
Bacteria,Unid_Fibrobacteraceae271,NA,NA,NA,NA,NA,NA,NA,NA,NA,NA,NA,NA,30.00%,0.05%,NA,NA,NA,NA,NA,NA,NA,NA,NA,NA,NA,NA
Bacteria,Unid_Gaiellales,46.94%,0.57%,48.94%,0.55%,44.44%,0.42%,41.67%,0.61%,50.00%,0.47%,45.45%,0.50%,50.00%,0.74%,54.55%,0.48%,36.36%,0.24%,36.36%,0.37%,50.00%,0.47%,83.33%,1.21%,NA,NA
Bacteria,Unid_Gaiellales88,40.82%,0.42%,36.17%,0.35%,42.22%,0.40%,NA,NA,33.33%,0.34%,36.36%,0.30%,50.00%,0.48%,27.27%,0.26%,54.55%,0.49%,45.45%,0.36%,41.67%,0.37%,66.67%,0.73%,NA,NA
Bacteria,Unid_Gammaproteobacteria521,NA,NA,NA,NA,NA,NA,NA,NA,NA,NA,NA,NA,NA,NA,NA,NA,NA,NA,36.36%,0.07%,NA,NA,NA,NA,30.00%,0.03%
Bacteria,Unid_Gammaproteobacteria552,44.90%,0.59%,36.17%,0.56%,37.78%,0.56%,25.00%,0.32%,33.33%,0.38%,54.55%,0.66%,50.00%,0.73%,27.27%,0.36%,36.36%,0.55%,54.55%,0.72%,33.33%,0.45%,66.67%,0.91%,30.00%,0.03%
Bacteria,Unid_Gammaproteobacteria554,NA,NA,NA,NA,NA,NA,33.33%,0.57%,NA,NA,NA,NA,NA,NA,NA,NA,NA,NA,NA,NA,NA,NA,33.33%,0.46%,30.00%,0.03%
Bacteria,Unid_Gammaproteobacteria576,44.90%,0.59%,44.68%,0.61%,46.67%,0.61%,33.33%,0.54%,33.33%,0.46%,45.45%,0.47%,40.00%,0.58%,36.36%,0.49%,54.55%,0.58%,54.55%,0.73%,41.67%,0.45%,83.33%,0.98%,30.00%,0.03%
Bacteria,Unid_Geminicoccaceae,46.94%,0.95%,44.68%,0.85%,42.22%,0.88%,50.00%,1.13%,33.33%,0.37%,54.55%,0.81%,40.00%,0.64%,27.27%,0.70%,63.64%,1.12%,54.55%,1.13%,25.00%,0.32%,83.33%,1.81%,NA,NA
Bacteria,Unid_Geminicoccaceae520,44.90%,1.11%,42.55%,0.38%,48.89%,0.55%,NA,NA,33.33%,2.51%,45.45%,0.34%,50.00%,0.58%,45.45%,0.55%,45.45%,0.54%,54.55%,0.45%,50.00%,0.49%,83.33%,0.75%,NA,NA
Bacteria,Unid_Gemmataceae,NA,NA,NA,NA,NA,NA,NA,NA,NA,NA,NA,NA,30.00%,0.11%,NA,NA,NA,NA,NA,NA,NA,NA,33.33%,0.14%,NA,NA
Bacteria,Unid_Gemmataceae461,NA,NA,NA,NA,NA,NA,NA,NA,25.00%,0.05%,27.27%,0.04%,NA,NA,27.27%,0.07%,27.27%,0.05%,NA,NA,NA,NA,33.33%,0.08%,NA,NA
Bacteria,Unid_Gemmataceae462,51.02%,0.11%,55.32%,0.43%,51.11%,0.36%,41.67%,0.07%,50.00%,0.14%,54.55%,0.21%,60.00%,0.11%,54.55%,0.16%,45.45%,0.10%,54.55%,0.95%,50.00%,0.08%,83.33%,0.30%,NA,NA
Bacteria,Unid_Gemmataceae464,NA,NA,NA,NA,NA,NA,NA,NA,25.00%,0.08%,NA,NA,NA,NA,NA,NA,27.27%,0.04%,NA,NA,33.33%,0.10%,33.33%,0.14%,NA,NA
Bacteria,Unid_Gemmatimonadaceae,51.02%,0.45%,53.19%,0.56%,53.33%,0.53%,41.67%,0.27%,50.00%,0.42%,54.55%,0.57%,60.00%,0.44%,54.55%,0.68%,54.55%,0.40%,54.55%,0.40%,50.00%,0.49%,50.00%,0.70%,"32%, 27%","0.04%, 0.03%"
Bacteria,Unid_Gemmatimonadaceae287,55.10%,1.71%,57.45%,2.06%,53.33%,1.72%,50.00%,1.68%,50.00%,1.47%,54.55%,1.89%,60.00%,1.59%,54.55%,1.62%,54.55%,1.78%,54.55%,1.45%,50.00%,1.54%,100.00%,3.81%,"32%, 27%","0.04%, 0.03%"
Bacteria,Unid_Gemmatimonadaceae289,NA,NA,NA,NA,NA,NA,NA,NA,NA,NA,NA,NA,NA,NA,NA,NA,27.27%,0.07%,36.36%,0.12%,NA,NA,NA,NA,"32%, 27%","0.04%, 0.03%"
Bacteria,Unid_Gemmatimonadaceae290,53.06%,0.68%,46.81%,0.66%,48.89%,0.66%,41.67%,0.53%,50.00%,0.72%,36.36%,0.40%,50.00%,0.64%,36.36%,0.64%,63.64%,0.85%,45.45%,0.35%,50.00%,0.60%,100.00%,1.12%,"32%, 27%","0.04%, 0.03%"
Bacteria,Unid_Gemmatimonadaceae291,38.78%,0.07%,36.17%,0.12%,31.11%,0.04%,33.33%,0.03%,25.00%,0.01%,45.45%,0.04%,50.00%,0.09%,36.36%,0.05%,27.27%,0.01%,27.27%,0.02%,33.33%,0.06%,83.33%,0.80%,"32%, 27%","0.04%, 0.03%"
Bacteria,Unid_Gemmatimonadaceae293,NA,NA,27.66%,0.17%,26.67%,0.22%,NA,NA,33.33%,0.16%,27.27%,0.14%,NA,NA,36.36%,0.31%,27.27%,0.11%,NA,NA,25.00%,0.26%,50.00%,0.37%,"32%, 27%","0.04%, 0.03%"
Bacteria,Unid_Gemmatimonadaceae294,NA,NA,NA,NA,NA,NA,NA,NA,NA,NA,NA,NA,30.00%,0.06%,NA,NA,36.36%,0.01%,36.36%,0.15%,25.00%,0.01%,NA,NA,"32%, 27%","0.04%, 0.03%"
Bacteria,Unid_Gemmatimonadaceae295,48.98%,0.25%,34.04%,0.14%,42.22%,0.21%,33.33%,0.11%,41.67%,0.18%,36.36%,0.16%,50.00%,0.27%,45.45%,0.23%,36.36%,0.16%,36.36%,0.17%,50.00%,0.21%,50.00%,0.18%,"32%, 27%","0.04%, 0.03%"
Bacteria,Unid_Gemmatimonadaceae296,NA,NA,NA,NA,NA,NA,NA,NA,NA,NA,NA,NA,NA,NA,NA,NA,NA,NA,NA,NA,NA,NA,33.33%,0.00%,"32%, 27%","0.04%, 0.03%"
Bacteria,Unid_Gemmatimonadaceae297,NA,NA,NA,NA,NA,NA,NA,NA,NA,NA,NA,NA,40.00%,0.35%,NA,NA,NA,NA,NA,NA,NA,NA,33.33%,0.34%,"32%, 27%","0.04%, 0.03%"
Bacteria,Unid_Gemmatimonadaceae298,NA,NA,29.79%,0.12%,NA,NA,33.33%,0.13%,NA,NA,NA,NA,30.00%,0.11%,27.27%,0.13%,27.27%,0.10%,27.27%,0.10%,NA,NA,NA,NA,"32%, 27%","0.04%, 0.03%"
Bacteria,Unid_Gemmatimonadota,40.82%,0.35%,34.04%,0.23%,40.00%,0.32%,25.00%,0.14%,41.67%,0.28%,27.27%,0.14%,30.00%,0.13%,54.55%,0.36%,36.36%,0.28%,27.27%,0.20%,41.67%,0.35%,66.67%,0.71%,NA,NA
Bacteria,Unid_Gemmatimonadota277,53.06%,0.52%,34.04%,0.27%,42.22%,0.35%,33.33%,0.33%,33.33%,0.33%,54.55%,0.39%,50.00%,0.58%,54.55%,0.36%,36.36%,0.41%,54.55%,0.39%,25.00%,0.13%,66.67%,0.62%,NA,NA
Bacteria,Unid_Gemmatimonadota278,NA,NA,25.53%,0.04%,NA,NA,NA,NA,NA,NA,45.45%,0.09%,40.00%,0.04%,NA,NA,27.27%,0.08%,27.27%,0.01%,NA,NA,NA,NA,NA,NA
Bacteria,Unid_Gemmatimonadota280,NA,NA,NA,NA,NA,NA,NA,NA,NA,NA,NA,NA,NA,NA,NA,NA,NA,NA,NA,NA,NA,NA,33.33%,0.00%,NA,NA
Bacteria,Unid_Gemmatimonadota281,26.53%,0.07%,NA,NA,NA,NA,NA,NA,25.00%,0.04%,27.27%,0.04%,30.00%,0.11%,NA,NA,NA,NA,NA,NA,33.33%,0.13%,NA,NA,NA,NA
Bacteria,Unid_Gemmatimonadota282,26.53%,0.19%,NA,NA,26.67%,0.17%,25.00%,0.16%,NA,NA,27.27%,0.21%,NA,NA,NA,NA,36.36%,0.18%,36.36%,0.23%,NA,NA,NA,NA,NA,NA
Bacteria,Unid_Gemmatimonadota304,30.61%,0.15%,NA,NA,NA,NA,NA,NA,50.00%,0.15%,27.27%,0.10%,30.00%,0.06%,36.36%,0.12%,NA,NA,27.27%,0.30%,NA,NA,NA,NA,NA,NA
Bacteria,Unid_Gemmatimonadota305,55.10%,0.52%,55.32%,0.64%,53.33%,0.43%,50.00%,0.52%,50.00%,0.64%,54.55%,0.60%,60.00%,0.71%,54.55%,0.34%,54.55%,0.38%,54.55%,0.40%,50.00%,0.46%,83.33%,1.11%,NA,NA
Bacteria,Unid_Gemmatimonadota306,NA,NA,NA,NA,NA,NA,NA,NA,NA,NA,27.27%,0.04%,NA,NA,NA,NA,NA,NA,NA,NA,NA,NA,NA,NA,NA,NA
Bacteria,Unid_Gemmatimonadota307,42.86%,0.39%,42.55%,0.51%,42.22%,0.48%,25.00%,0.25%,25.00%,0.16%,54.55%,0.46%,50.00%,0.90%,54.55%,0.67%,54.55%,0.42%,36.36%,0.46%,25.00%,0.24%,83.33%,0.33%,NA,NA
Bacteria,Unid_Gemmatimonadota308,NA,NA,NA,NA,NA,NA,NA,NA,NA,NA,NA,NA,NA,NA,NA,NA,NA,NA,36.36%,0.06%,NA,NA,NA,NA,NA,NA
Bacteria,Unid_Holophagae,NA,NA,NA,NA,NA,NA,25.00%,0.14%,NA,NA,27.27%,0.16%,NA,NA,NA,NA,NA,NA,27.27%,0.10%,NA,NA,33.33%,0.35%,NA,NA
Bacteria,Unid_Holophagae21,34.69%,0.34%,31.91%,0.22%,31.11%,0.26%,33.33%,0.30%,33.33%,0.24%,NA,NA,50.00%,0.34%,27.27%,0.18%,27.27%,0.25%,45.45%,0.36%,25.00%,0.18%,50.00%,0.48%,NA,NA
Bacteria,Unid_Hyphomonadaceae,44.90%,0.20%,57.45%,0.38%,51.11%,0.29%,41.67%,0.28%,41.67%,0.18%,54.55%,0.23%,40.00%,0.17%,54.55%,0.31%,54.55%,0.22%,45.45%,0.25%,50.00%,0.31%,100.00%,0.62%,NA,NA
Bacteria,Unid_Ilumatobacteraceae,NA,NA,NA,NA,NA,NA,25.00%,0.27%,NA,NA,NA,NA,NA,NA,NA,NA,NA,NA,NA,NA,NA,NA,NA,NA,NA,NA
Bacteria,Unid_Ilumatobacteraceae61,NA,NA,25.53%,0.28%,NA,NA,25.00%,0.16%,25.00%,0.31%,27.27%,0.24%,NA,NA,NA,NA,27.27%,0.22%,27.27%,0.34%,NA,NA,83.33%,0.57%,NA,NA
Bacteria,Unid_Ilumatobacteraceae63,NA,NA,NA,NA,NA,NA,NA,NA,NA,NA,NA,NA,NA,NA,NA,NA,27.27%,0.31%,NA,NA,NA,NA,NA,NA,NA,NA
Bacteria,Unid_Ilumatobacteraceae64,NA,NA,NA,NA,NA,NA,NA,NA,NA,NA,NA,NA,NA,NA,27.27%,0.18%,NA,NA,NA,NA,NA,NA,NA,NA,NA,NA
Bacteria,Unid_Ktedonobacteria248,40.82%,0.07%,27.66%,0.05%,33.33%,0.05%,33.33%,0.06%,NA,NA,27.27%,0.03%,60.00%,0.13%,36.36%,0.07%,27.27%,0.02%,36.36%,0.05%,33.33%,0.05%,50.00%,0.08%,NA,NA
Bacteria,Unid_Latescibacterota_309,36.73%,0.21%,34.04%,0.29%,35.56%,0.26%,NA,NA,41.67%,0.33%,27.27%,0.16%,40.00%,0.19%,27.27%,0.14%,36.36%,0.35%,36.36%,0.24%,41.67%,0.23%,66.67%,0.47%,NA,NA
Bacteria,Unid_Longimicrobiaceae_299,34.69%,0.26%,46.81%,0.30%,37.78%,0.26%,NA,NA,33.33%,0.12%,54.55%,0.38%,60.00%,0.44%,NA,NA,45.45%,0.17%,45.45%,0.47%,50.00%,0.30%,66.67%,0.46%,NA,NA
Bacteria,Unid_Methylophilaceae,NA,NA,NA,NA,NA,NA,NA,NA,NA,NA,36.36%,0.04%,NA,NA,NA,NA,NA,NA,NA,NA,NA,NA,NA,NA,NA,NA
Bacteria,Unid_Micavibrionales,NA,NA,NA,NA,NA,NA,NA,NA,NA,NA,NA,NA,NA,NA,NA,NA,NA,NA,36.36%,0.04%,NA,NA,NA,NA,NA,NA
Bacteria,Unid_Micrococcaceae,53.06%,0.66%,53.19%,0.78%,51.11%,0.70%,50.00%,0.65%,41.67%,0.58%,54.55%,0.53%,60.00%,0.85%,45.45%,0.57%,45.45%,0.48%,63.64%,0.90%,50.00%,0.60%,83.33%,0.98%,NA,NA
Bacteria,Unid_Micromonosporaceae,51.02%,5.04%,40.43%,5.43%,44.44%,4.65%,NA,NA,50.00%,6.26%,63.64%,13.96%,70.00%,2.80%,54.55%,3.26%,45.45%,3.29%,27.27%,0.35%,50.00%,8.09%,50.00%,0.29%,NA,NA
Bacteria,Unid_Microscillaceae,NA,NA,NA,NA,NA,NA,NA,NA,NA,NA,NA,NA,30.00%,0.09%,27.27%,0.04%,NA,NA,NA,NA,NA,NA,NA,NA,"43%, 37%, 33%","0.19%, 0.08%, 0.10%"
Bacteria,Unid_Microscillaceae136,59.18%,1.87%,55.32%,1.30%,55.56%,1.47%,50.00%,1.26%,50.00%,1.24%,63.64%,2.20%,60.00%,1.62%,54.55%,1.26%,63.64%,1.60%,54.55%,1.50%,50.00%,1.06%,83.33%,1.26%,"43%, 37%, 33%","0.19%, 0.08%, 0.10%"
Bacteria,Unid_Microscillaceae139,26.53%,0.10%,44.68%,0.39%,31.11%,0.20%,41.67%,0.16%,25.00%,0.09%,NA,NA,40.00%,0.16%,27.27%,0.19%,27.27%,0.11%,45.45%,0.29%,25.00%,0.13%,100.00%,1.18%,"43%, 37%, 33%","0.19%, 0.08%, 0.10%"
Bacteria,Unid_Microscillaceae141,34.69%,0.53%,NA,NA,28.89%,0.50%,NA,NA,25.00%,0.13%,27.27%,0.12%,NA,NA,45.45%,0.20%,36.36%,1.30%,NA,NA,NA,NA,NA,NA,"43%, 37%, 33%","0.19%, 0.08%, 0.10%"
Bacteria,Unid_Myxococcaceae,28.57%,0.15%,25.53%,0.11%,26.67%,0.10%,NA,NA,NA,NA,45.45%,0.22%,40.00%,0.29%,27.27%,0.06%,36.36%,0.21%,27.27%,0.06%,NA,NA,33.33%,0.12%,NA,NA
Bacteria,Unid_Myxococcaceae328,32.65%,0.09%,27.66%,0.07%,35.56%,0.11%,NA,NA,NA,NA,NA,NA,30.00%,0.04%,36.36%,0.11%,36.36%,0.12%,36.36%,0.09%,33.33%,0.08%,83.33%,0.24%,NA,NA
Bacteria,Unid_Myxococcota,NA,NA,NA,NA,NA,NA,NA,NA,NA,NA,NA,NA,30.00%,0.11%,NA,NA,NA,NA,NA,NA,NA,NA,NA,NA,NA,NA
Bacteria,Unid_Myxococcota318,26.53%,0.09%,29.79%,0.12%,31.11%,0.10%,NA,NA,41.67%,0.14%,36.36%,0.12%,NA,NA,27.27%,0.07%,45.45%,0.14%,27.27%,0.08%,25.00%,0.09%,NA,NA,NA,NA
Bacteria,Unid_Myxococcota321,28.57%,0.46%,42.55%,0.69%,28.89%,0.44%,41.67%,0.59%,25.00%,0.40%,45.45%,0.49%,NA,NA,36.36%,0.61%,27.27%,0.33%,27.27%,0.28%,25.00%,0.42%,100.00%,2.07%,NA,NA
Bacteria,Unid_Nannocystaceae,NA,NA,NA,NA,NA,NA,25.00%,0.07%,NA,NA,NA,NA,NA,NA,NA,NA,NA,NA,NA,NA,NA,NA,NA,NA,NA,NA
Bacteria,Unid_Nannocystaceae346,NA,NA,NA,NA,NA,NA,NA,NA,NA,NA,NA,NA,NA,NA,NA,NA,NA,NA,NA,NA,NA,NA,33.33%,0.01%,NA,NA
Bacteria,Unid_Nitrosomonadaceae,42.86%,0.39%,44.68%,0.34%,33.33%,0.22%,50.00%,0.37%,50.00%,0.42%,45.45%,0.49%,50.00%,0.51%,36.36%,0.12%,NA,NA,27.27%,0.14%,50.00%,0.47%,83.33%,0.70%,"27%, 28%","0.04%, 0.03%"
Bacteria,Unid_Nitrosomonadaceae533,NA,NA,NA,NA,NA,NA,NA,NA,NA,NA,NA,NA,NA,NA,NA,NA,36.36%,0.35%,27.27%,0.26%,NA,NA,NA,NA,"27%, 28%","0.04%, 0.03%"
Bacteria,Unid_Nitrosomonadaceae536,51.02%,0.91%,55.32%,0.86%,53.33%,0.91%,50.00%,0.71%,50.00%,0.67%,36.36%,0.50%,50.00%,1.02%,54.55%,0.98%,54.55%,0.87%,54.55%,0.92%,50.00%,0.62%,100.00%,1.61%,"27%, 28%","0.04%, 0.03%"
Bacteria,Unid_Nitrosomonadaceae538,42.86%,0.47%,44.68%,0.48%,42.22%,0.43%,41.67%,0.37%,25.00%,0.24%,54.55%,0.40%,30.00%,0.23%,36.36%,0.25%,54.55%,0.59%,45.45%,0.44%,33.33%,0.30%,100.00%,1.72%,"27%, 28%","0.04%, 0.03%"
Bacteria,Unid_Nocardioidaceae,NA,NA,NA,NA,NA,NA,NA,NA,NA,NA,45.45%,0.49%,30.00%,0.28%,NA,NA,NA,NA,NA,NA,NA,NA,NA,NA,NA,NA
Bacteria,Unid_Obscuribacteraceae_256,38.78%,0.10%,NA,NA,26.67%,0.28%,25.00%,0.10%,25.00%,0.05%,27.27%,0.07%,NA,NA,NA,NA,27.27%,0.06%,36.36%,0.81%,25.00%,0.05%,66.67%,0.12%,NA,NA
Bacteria,Unid_Oligoflexia,NA,NA,NA,NA,NA,NA,NA,NA,NA,NA,NA,NA,NA,NA,NA,NA,NA,NA,NA,NA,NA,NA,33.33%,0.09%,NA,NA
Bacteria,Unid_Opitutaceae,48.98%,0.54%,53.19%,0.73%,48.89%,0.71%,41.67%,0.44%,41.67%,0.47%,54.55%,0.56%,60.00%,0.58%,54.55%,0.56%,36.36%,0.57%,63.64%,1.00%,41.67%,0.49%,83.33%,0.72%,NA,NA
Bacteria,Unid_Pedosphaeraceae,NA,NA,NA,NA,NA,NA,NA,NA,NA,NA,NA,NA,NA,NA,NA,NA,NA,NA,NA,NA,NA,NA,50.00%,0.18%,NA,NA
Bacteria,Unid_Pedosphaeraceae_0,26.53%,0.09%,25.53%,0.12%,26.67%,0.08%,NA,NA,33.33%,0.06%,NA,NA,30.00%,0.05%,27.27%,0.06%,27.27%,0.13%,54.55%,0.14%,NA,NA,50.00%,0.64%,NA,NA
Bacteria,Unid_Pedosphaeraceae_633,34.69%,0.08%,44.68%,0.14%,33.33%,0.06%,50.00%,0.14%,33.33%,0.06%,45.45%,0.13%,NA,NA,54.55%,0.10%,36.36%,0.06%,NA,NA,33.33%,0.07%,100.00%,0.41%,NA,NA
Bacteria,Unid_Pedosphaeraceae_635,48.98%,0.85%,42.55%,0.53%,48.89%,0.74%,50.00%,0.73%,41.67%,0.54%,36.36%,0.51%,60.00%,1.04%,54.55%,0.80%,54.55%,0.60%,36.36%,0.65%,50.00%,0.70%,NA,NA,NA,NA
Bacteria,Unid_Pedosphaeraceae629,NA,NA,NA,NA,NA,NA,NA,NA,NA,NA,NA,NA,NA,NA,NA,NA,27.27%,0.02%,NA,NA,NA,NA,33.33%,0.08%,NA,NA
Bacteria,Unid_Pedosphaeraceae637,NA,NA,36.17%,0.44%,NA,NA,33.33%,0.38%,41.67%,0.20%,NA,NA,30.00%,0.23%,NA,NA,NA,NA,NA,NA,50.00%,0.45%,50.00%,0.78%,NA,NA
Bacteria,Unid_Pedosphaeraceae641,NA,NA,NA,NA,NA,NA,NA,NA,25.00%,0.25%,27.27%,0.20%,NA,NA,NA,NA,45.45%,0.36%,NA,NA,NA,NA,NA,NA,NA,NA
Bacteria,Unid_Phycisphaeraceae,NA,NA,27.66%,0.06%,26.67%,0.07%,NA,NA,NA,NA,36.36%,0.08%,30.00%,0.06%,36.36%,0.08%,NA,NA,27.27%,0.10%,25.00%,0.05%,50.00%,0.09%,NA,NA
Bacteria,Unid_Phycisphaeraceae425,42.86%,0.28%,42.55%,0.35%,46.67%,0.35%,33.33%,0.31%,25.00%,0.16%,54.55%,0.42%,50.00%,0.32%,54.55%,0.37%,45.45%,0.28%,45.45%,0.32%,41.67%,0.31%,33.33%,0.13%,NA,NA
Bacteria,Unid_Phycisphaeraceae427,NA,NA,NA,NA,NA,NA,NA,NA,NA,NA,NA,NA,NA,NA,NA,NA,NA,NA,NA,NA,NA,NA,33.33%,0.20%,NA,NA
Bacteria,Unid_Phycisphaeraceae432,NA,NA,NA,NA,NA,NA,NA,NA,NA,NA,27.27%,0.05%,NA,NA,NA,NA,NA,NA,27.27%,0.06%,NA,NA,NA,NA,NA,NA
Bacteria,Unid_Phycisphaeraceae433,28.57%,0.06%,34.04%,0.07%,28.89%,0.06%,25.00%,0.08%,50.00%,0.08%,45.45%,0.08%,30.00%,0.07%,27.27%,0.04%,36.36%,0.10%,27.27%,0.04%,25.00%,0.03%,NA,NA,NA,NA
Bacteria,Unid_Phycisphaeraceae435,NA,NA,34.04%,0.05%,31.11%,0.05%,NA,NA,25.00%,0.05%,27.27%,0.03%,40.00%,0.07%,NA,NA,27.27%,0.04%,54.55%,0.08%,25.00%,0.04%,NA,NA,NA,NA
Bacteria,Unid_Phycisphaeraceae436,NA,NA,NA,NA,NA,NA,NA,NA,NA,NA,NA,NA,30.00%,0.03%,NA,NA,NA,NA,NA,NA,NA,NA,33.33%,0.03%,NA,NA
Bacteria,Unid_Phycisphaeraceae437,NA,NA,NA,NA,NA,NA,NA,NA,NA,NA,27.27%,0.06%,NA,NA,NA,NA,27.27%,0.03%,NA,NA,NA,NA,NA,NA,NA,NA
Bacteria,Unid_Phycisphaeraceae439,NA,NA,NA,NA,NA,NA,NA,NA,NA,NA,NA,NA,NA,NA,NA,NA,NA,NA,NA,NA,25.00%,0.03%,NA,NA,NA,NA
Bacteria,Unid_Phycisphaeraceae443,NA,NA,NA,NA,NA,NA,NA,NA,NA,NA,NA,NA,NA,NA,NA,NA,NA,NA,NA,NA,NA,NA,50.00%,0.06%,NA,NA
Bacteria,Unid_Pirellulaceae469,NA,NA,NA,NA,NA,NA,NA,NA,NA,NA,NA,NA,NA,NA,NA,NA,NA,NA,NA,NA,NA,NA,33.33%,0.03%,NA,NA
Bacteria,Unid_Pirellulaceae473,NA,NA,NA,NA,NA,NA,25.00%,0.13%,25.00%,0.13%,27.27%,0.08%,NA,NA,NA,NA,27.27%,0.07%,36.36%,0.09%,NA,NA,NA,NA,NA,NA
Bacteria,Unid_Pirellulaceae482,NA,NA,NA,NA,NA,NA,NA,NA,NA,NA,NA,NA,NA,NA,NA,NA,NA,NA,NA,NA,33.33%,0.00%,NA,NA,NA,NA
Bacteria,Unid_Pirellulaceae484,46.94%,0.12%,36.17%,0.08%,42.22%,0.08%,50.00%,0.11%,41.67%,0.13%,NA,NA,50.00%,0.17%,45.45%,0.09%,45.45%,0.08%,36.36%,0.06%,41.67%,0.08%,50.00%,0.12%,NA,NA
Bacteria,Unid_Pirellulaceae485,NA,NA,NA,NA,NA,NA,NA,NA,NA,NA,27.27%,0.03%,NA,NA,NA,NA,NA,NA,27.27%,0.04%,NA,NA,33.33%,0.03%,NA,NA
Bacteria,Unid_Planctomycetales,NA,NA,31.91%,0.05%,26.67%,0.04%,NA,NA,33.33%,0.04%,27.27%,0.07%,30.00%,0.05%,NA,NA,36.36%,0.04%,45.45%,0.07%,NA,NA,33.33%,0.05%,NA,NA
Bacteria,Unid_Planctomycetales491,38.78%,0.05%,36.17%,0.05%,35.56%,0.06%,25.00%,0.03%,25.00%,0.02%,54.55%,0.06%,50.00%,0.09%,36.36%,0.06%,36.36%,0.08%,54.55%,0.06%,NA,NA,50.00%,0.04%,NA,NA
Bacteria,Unid_Planctomycetales492,34.69%,0.10%,34.04%,0.10%,35.56%,0.11%,33.33%,0.07%,25.00%,0.07%,45.45%,0.10%,40.00%,0.10%,36.36%,0.15%,36.36%,0.09%,27.27%,0.05%,41.67%,0.12%,NA,NA,NA,NA
Bacteria,Unid_Planctomycetales493,NA,NA,NA,NA,NA,NA,NA,NA,NA,NA,27.27%,0.04%,NA,NA,NA,NA,NA,NA,NA,NA,NA,NA,NA,NA,NA,NA
Bacteria,Unid_Planctomycetota416,42.86%,0.23%,42.55%,0.19%,42.22%,0.20%,41.67%,0.08%,50.00%,0.24%,27.27%,0.08%,50.00%,0.24%,36.36%,0.15%,45.45%,0.19%,45.45%,0.16%,41.67%,0.24%,50.00%,0.55%,NA,NA
Bacteria,Unid_Planctomycetota417,53.06%,0.16%,48.94%,0.21%,53.33%,0.20%,41.67%,0.18%,50.00%,0.15%,45.45%,0.17%,50.00%,0.14%,54.55%,0.20%,54.55%,0.21%,54.55%,0.16%,50.00%,0.16%,66.67%,0.18%,NA,NA
Bacteria,Unid_Planctomycetota418,57.14%,0.53%,57.45%,1.01%,55.56%,0.78%,50.00%,0.75%,50.00%,0.25%,54.55%,0.68%,60.00%,0.43%,54.55%,0.84%,63.64%,0.86%,54.55%,0.62%,50.00%,0.56%,100.00%,2.04%,NA,NA
Bacteria,Unid_Planctomycetota423,NA,NA,NA,NA,NA,NA,25.00%,0.02%,NA,NA,NA,NA,NA,NA,NA,NA,NA,NA,NA,NA,NA,NA,33.33%,0.05%,NA,NA
Bacteria,Unid_Planctomycetota424,NA,NA,34.04%,0.08%,NA,NA,33.33%,0.09%,25.00%,0.05%,36.36%,0.05%,NA,NA,NA,NA,27.27%,0.04%,NA,NA,33.33%,0.06%,83.33%,0.27%,NA,NA
Bacteria,Unid_Planctomycetota448,NA,NA,27.66%,0.08%,NA,NA,25.00%,0.06%,NA,NA,27.27%,0.06%,NA,NA,36.36%,0.10%,NA,NA,NA,NA,NA,NA,NA,NA,NA,NA
Bacteria,Unid_Planctomycetota449,NA,NA,NA,NA,NA,NA,NA,NA,NA,NA,NA,NA,NA,NA,36.36%,0.06%,NA,NA,NA,NA,NA,NA,33.33%,0.06%,NA,NA
Bacteria,Unid_Planctomycetota450,32.65%,0.14%,46.81%,0.24%,37.78%,0.17%,41.67%,0.16%,25.00%,0.14%,45.45%,0.21%,40.00%,0.15%,27.27%,0.18%,45.45%,0.16%,36.36%,0.14%,41.67%,0.14%,66.67%,0.39%,NA,NA
Bacteria,Unid_Planctomycetota451,NA,NA,NA,NA,35.56%,0.07%,NA,NA,NA,NA,27.27%,0.06%,NA,NA,36.36%,0.08%,NA,NA,45.45%,0.08%,41.67%,0.08%,33.33%,0.11%,NA,NA
Bacteria,Unid_Planctomycetota452,NA,NA,NA,NA,NA,NA,NA,NA,NA,NA,NA,NA,NA,NA,NA,NA,NA,NA,NA,NA,25.00%,0.04%,66.67%,0.18%,NA,NA
Bacteria,Unid_Planococcaceae,NA,NA,NA,NA,NA,NA,NA,NA,25.00%,6.55%,NA,NA,30.00%,0.03%,NA,NA,36.36%,0.03%,NA,NA,NA,NA,50.00%,0.06%,NA,NA
Bacteria,Unid_Polyangiales,38.78%,0.29%,42.55%,0.31%,37.78%,0.27%,25.00%,0.24%,25.00%,0.15%,54.55%,0.40%,40.00%,0.17%,45.45%,0.21%,36.36%,0.23%,36.36%,0.31%,33.33%,0.27%,100.00%,0.78%,NA,NA
Bacteria,Unid_Polyangiales348,26.53%,0.20%,42.55%,0.47%,33.33%,0.31%,33.33%,0.34%,33.33%,0.37%,NA,NA,40.00%,0.44%,NA,NA,45.45%,0.37%,36.36%,0.32%,33.33%,0.25%,66.67%,0.45%,NA,NA
Bacteria,Unid_Polyangiales351,NA,NA,NA,NA,NA,NA,NA,NA,NA,NA,NA,NA,NA,NA,NA,NA,27.27%,0.12%,NA,NA,33.33%,0.21%,NA,NA,NA,NA
Bacteria,Unid_Polyangiales352,NA,NA,NA,NA,NA,NA,NA,NA,NA,NA,NA,NA,NA,NA,27.27%,0.14%,NA,NA,NA,NA,NA,NA,NA,NA,NA,NA
Bacteria,Unid_Pyrinomonadaceae,44.90%,0.73%,53.19%,0.65%,53.33%,0.81%,33.33%,0.42%,41.67%,0.52%,NA,NA,60.00%,0.84%,54.55%,0.77%,54.55%,0.60%,54.55%,0.92%,50.00%,0.71%,100.00%,1.07%,"33%, 28%, 27%","0.07%, 0.08%, 0.03%"
Bacteria,Unid_Pyrinomonadaceae17,NA,NA,NA,NA,NA,NA,NA,NA,NA,NA,27.27%,0.25%,NA,NA,NA,NA,NA,NA,NA,NA,NA,NA,50.00%,0.30%,"33%, 28%, 27%","0.07%, 0.08%, 0.03%"
Bacteria,Unid_Rhizobiaceae,NA,NA,NA,NA,NA,NA,NA,NA,NA,NA,NA,NA,NA,NA,NA,NA,NA,NA,27.27%,0.07%,NA,NA,NA,NA,NA,NA
Bacteria,Unid_Rhizobiaceae509,NA,NA,NA,NA,NA,NA,NA,NA,NA,NA,27.27%,2.03%,NA,NA,NA,NA,NA,NA,NA,NA,NA,NA,NA,NA,NA,NA
Bacteria,Unid_Rhizobiales506,26.53%,0.08%,48.94%,0.19%,40.00%,0.14%,33.33%,0.12%,33.33%,0.13%,45.45%,0.12%,NA,NA,45.45%,0.17%,36.36%,0.09%,27.27%,0.08%,50.00%,0.17%,50.00%,0.19%,NA,NA
Bacteria,Unid_Rhodanobacteraceae597,NA,NA,NA,NA,NA,NA,NA,NA,25.00%,0.09%,36.36%,0.09%,NA,NA,NA,NA,NA,NA,NA,NA,NA,NA,NA,NA,NA,NA
Bacteria,Unid_Rokubacteriales_315,46.94%,0.66%,46.81%,0.55%,44.44%,0.49%,41.67%,0.46%,50.00%,0.68%,45.45%,0.59%,40.00%,0.54%,45.45%,0.57%,54.55%,0.56%,45.45%,0.32%,33.33%,0.39%,83.33%,1.43%,NA,NA
Bacteria,Unid_Roseiflexaceae,NA,NA,NA,NA,NA,NA,NA,NA,NA,NA,NA,NA,30.00%,0.08%,NA,NA,NA,NA,27.27%,0.29%,NA,NA,33.33%,0.09%,NA,NA
Bacteria,Unid_Rubinisphaeraceae489,NA,NA,NA,NA,NA,NA,NA,NA,NA,NA,NA,NA,NA,NA,NA,NA,NA,NA,NA,NA,NA,NA,33.33%,0.09%,NA,NA
Bacteria,Unid_Saccharimonadales_0,38.78%,0.14%,31.91%,0.08%,37.78%,0.16%,25.00%,0.05%,25.00%,0.04%,36.36%,0.08%,40.00%,0.11%,27.27%,0.07%,45.45%,0.24%,54.55%,0.17%,25.00%,0.08%,50.00%,0.07%,NA,NA
Bacteria,Unid_Saccharimonadales_406,38.78%,0.12%,40.43%,0.14%,44.44%,0.12%,25.00%,0.17%,41.67%,0.14%,45.45%,0.16%,40.00%,0.07%,36.36%,0.08%,45.45%,0.10%,45.45%,0.15%,50.00%,0.12%,NA,NA,NA,NA
Bacteria,Unid_Saccharimonadales400,NA,NA,NA,NA,NA,NA,NA,NA,NA,NA,NA,NA,NA,NA,NA,NA,NA,NA,NA,NA,NA,NA,66.67%,0.27%,NA,NA
Bacteria,Unid_Saccharimonadales401,NA,NA,NA,NA,NA,NA,NA,NA,NA,NA,NA,NA,30.00%,0.19%,NA,NA,NA,NA,NA,NA,33.33%,0.18%,NA,NA,NA,NA
Bacteria,Unid_Saccharimonadales403,NA,NA,NA,NA,NA,NA,NA,NA,25.00%,0.15%,NA,NA,NA,NA,NA,NA,27.27%,0.09%,36.36%,0.25%,NA,NA,NA,NA,NA,NA
Bacteria,Unid_Sandaracinaceae363,NA,NA,NA,NA,NA,NA,NA,NA,NA,NA,NA,NA,30.00%,0.15%,NA,NA,NA,NA,27.27%,0.10%,NA,NA,33.33%,0.06%,NA,NA
Bacteria,Unid_Sandaracinaceae364,NA,NA,NA,NA,NA,NA,NA,NA,NA,NA,NA,NA,30.00%,0.05%,NA,NA,NA,NA,27.27%,0.03%,25.00%,0.04%,33.33%,0.02%,NA,NA
Bacteria,Unid_Saprospiraceae,44.90%,0.30%,25.53%,0.12%,35.56%,0.21%,41.67%,0.20%,33.33%,0.19%,27.27%,0.20%,40.00%,0.25%,27.27%,0.12%,NA,NA,45.45%,0.27%,50.00%,0.27%,33.33%,0.21%,NA,NA
Bacteria,Unid_Saprospiraceae118,NA,NA,NA,NA,NA,NA,NA,NA,NA,NA,NA,NA,NA,NA,NA,NA,27.27%,0.10%,NA,NA,NA,NA,NA,NA,NA,NA
Bacteria,Unid_Solimonadaceae584,26.53%,0.04%,34.04%,0.06%,37.78%,0.05%,25.00%,0.05%,NA,NA,54.55%,0.12%,NA,NA,45.45%,0.04%,27.27%,0.04%,36.36%,0.04%,41.67%,0.05%,NA,NA,NA,NA
Bacteria,Unid_Solirubrobacterales,38.78%,0.25%,46.81%,0.30%,42.22%,0.29%,41.67%,0.16%,41.67%,0.29%,45.45%,0.15%,50.00%,0.30%,36.36%,0.41%,54.55%,0.26%,36.36%,0.15%,41.67%,0.28%,33.33%,0.40%,NA,NA
Bacteria,Unid_Solirubrobacterales91,NA,NA,NA,NA,NA,NA,NA,NA,25.00%,0.14%,NA,NA,50.00%,0.32%,NA,NA,NA,NA,NA,NA,NA,NA,33.33%,0.07%,NA,NA
Bacteria,Unid_Solirubrobacterales92,51.02%,0.43%,46.81%,0.53%,46.67%,0.33%,33.33%,0.35%,50.00%,0.61%,45.45%,0.36%,60.00%,0.81%,36.36%,0.16%,63.64%,0.47%,36.36%,0.19%,50.00%,0.38%,83.33%,0.97%,NA,NA
Bacteria,Unid_Solirubrobacterales94,30.61%,0.33%,31.91%,0.38%,26.67%,0.27%,41.67%,0.48%,25.00%,0.34%,36.36%,0.41%,40.00%,0.51%,NA,NA,27.27%,0.29%,45.45%,0.31%,25.00%,0.28%,33.33%,0.27%,NA,NA
Bacteria,Unid_Sphingobacteriales158,32.65%,0.04%,NA,NA,NA,NA,NA,NA,33.33%,0.04%,27.27%,0.03%,NA,NA,27.27%,0.03%,27.27%,0.06%,NA,NA,25.00%,0.04%,33.33%,0.04%,NA,NA
Bacteria,Unid_Sphingobacteriales160,34.69%,0.17%,40.43%,0.20%,44.44%,0.21%,33.33%,0.18%,25.00%,0.14%,27.27%,0.13%,30.00%,0.18%,45.45%,0.18%,36.36%,0.26%,45.45%,0.16%,50.00%,0.17%,50.00%,0.14%,NA,NA
Bacteria,Unid_Sphingobacteriales163,NA,NA,NA,NA,NA,NA,NA,NA,NA,NA,NA,NA,30.00%,0.05%,NA,NA,NA,NA,27.27%,0.20%,NA,NA,33.33%,0.11%,NA,NA
Bacteria,Unid_Sphingobacteriales168,NA,NA,NA,NA,NA,NA,NA,NA,NA,NA,NA,NA,NA,NA,NA,NA,27.27%,0.02%,NA,NA,NA,NA,NA,NA,NA,NA
Bacteria,Unid_Sphingobacteriales169,NA,NA,NA,NA,NA,NA,NA,NA,NA,NA,NA,NA,NA,NA,NA,NA,NA,NA,NA,NA,NA,NA,33.33%,0.08%,NA,NA
Bacteria,Unid_Sphingobacteriales171,34.69%,0.12%,29.79%,0.09%,33.33%,0.11%,33.33%,0.15%,25.00%,0.07%,27.27%,0.07%,30.00%,0.06%,27.27%,0.08%,45.45%,0.11%,27.27%,0.10%,33.33%,0.10%,50.00%,0.13%,NA,NA
Bacteria,Unid_Sphingomonadaceae,NA,NA,NA,NA,NA,NA,NA,NA,25.00%,0.20%,NA,NA,NA,NA,NA,NA,NA,NA,NA,NA,NA,NA,NA,NA,NA,NA
Bacteria,Unid_Steroidobacteraceae,NA,NA,29.79%,0.10%,31.11%,0.10%,NA,NA,NA,NA,27.27%,0.01%,NA,NA,27.27%,0.26%,45.45%,0.06%,27.27%,0.05%,25.00%,0.03%,50.00%,0.07%,32.00%,0.05%
Bacteria,Unid_Steroidobacteraceae588,46.94%,0.19%,40.43%,0.17%,40.00%,0.13%,50.00%,0.23%,41.67%,0.23%,36.36%,0.07%,40.00%,0.12%,45.45%,0.15%,36.36%,0.07%,36.36%,0.12%,41.67%,0.15%,83.33%,0.51%,32.00%,0.05%
Bacteria,Unid_Steroidobacteraceae589,NA,NA,NA,NA,NA,NA,NA,NA,NA,NA,NA,NA,NA,NA,NA,NA,NA,NA,NA,NA,25.00%,0.06%,NA,NA,32.00%,0.05%
Bacteria,Unid_Tepidisphaerales,53.06%,0.87%,55.32%,1.01%,53.33%,1.08%,50.00%,0.76%,50.00%,0.68%,45.45%,0.44%,60.00%,1.14%,45.45%,0.58%,54.55%,0.90%,63.64%,1.72%,50.00%,0.73%,83.33%,0.93%,NA,NA
Bacteria,Unid_Tepidisphaerales_0,42.86%,0.17%,34.04%,0.10%,40.00%,0.15%,33.33%,0.11%,41.67%,0.14%,27.27%,0.06%,50.00%,0.20%,36.36%,0.12%,36.36%,0.12%,45.45%,0.18%,41.67%,0.14%,33.33%,0.09%,NA,NA
Bacteria,Unid_Tepidisphaerales445,55.10%,0.70%,48.94%,0.54%,51.11%,0.63%,25.00%,0.34%,50.00%,0.52%,54.55%,0.70%,60.00%,0.68%,54.55%,0.70%,54.55%,0.65%,54.55%,0.60%,41.67%,0.39%,100.00%,0.90%,NA,NA
Bacteria,Unid_Tepidisphaerales446,55.10%,0.65%,53.19%,0.56%,51.11%,0.58%,41.67%,0.59%,50.00%,0.45%,54.55%,0.56%,60.00%,0.86%,45.45%,0.49%,54.55%,0.50%,54.55%,0.56%,50.00%,0.58%,100.00%,0.60%,NA,NA
Bacteria,Unid_Tepidisphaerales447,51.02%,0.56%,42.55%,0.47%,48.89%,0.53%,41.67%,0.54%,41.67%,0.44%,54.55%,0.51%,50.00%,0.51%,54.55%,0.55%,54.55%,0.57%,45.45%,0.42%,41.67%,0.43%,33.33%,0.31%,NA,NA
Bacteria,Unid_Thermomicrobiales,30.61%,0.07%,29.79%,0.06%,28.89%,0.06%,33.33%,0.04%,NA,NA,27.27%,0.05%,40.00%,0.07%,36.36%,0.11%,36.36%,0.06%,27.27%,0.05%,NA,NA,50.00%,0.09%,NA,NA
Bacteria,Unid_Thermomicrobiales220,NA,NA,25.53%,0.13%,NA,NA,NA,NA,25.00%,0.11%,36.36%,0.18%,40.00%,0.20%,NA,NA,27.27%,0.12%,27.27%,0.11%,25.00%,0.08%,NA,NA,NA,NA
Bacteria,Unid_Thermomicrobiales222,NA,NA,NA,NA,NA,NA,NA,NA,25.00%,0.04%,NA,NA,NA,NA,NA,NA,NA,NA,NA,NA,NA,NA,NA,NA,NA,NA
Bacteria,Unid_Thermomicrobiales223,32.65%,0.10%,25.53%,0.10%,28.89%,0.08%,NA,NA,33.33%,0.14%,27.27%,0.10%,50.00%,0.28%,36.36%,0.19%,27.27%,0.01%,27.27%,0.10%,25.00%,0.01%,NA,NA,NA,NA
Bacteria,Unid_Thermomicrobiales226,NA,NA,42.55%,0.19%,NA,NA,41.67%,0.22%,41.67%,0.12%,36.36%,0.12%,40.00%,0.21%,27.27%,0.08%,NA,NA,27.27%,0.10%,33.33%,0.14%,NA,NA,NA,NA
Bacteria,Unid_Thermomicrobiales227,55.10%,1.37%,59.57%,1.33%,55.56%,1.31%,50.00%,1.06%,50.00%,1.23%,54.55%,1.19%,60.00%,1.63%,54.55%,1.24%,54.55%,1.20%,63.64%,1.34%,50.00%,1.07%,100.00%,1.71%,NA,NA
Bacteria,Unid_Thermomicrobiales229,NA,NA,NA,NA,NA,NA,NA,NA,NA,NA,27.27%,0.02%,NA,NA,NA,NA,NA,NA,NA,NA,NA,NA,NA,NA,NA,NA
Bacteria,Unid_Thermoplasmata,NA,NA,NA,NA,NA,NA,NA,NA,NA,NA,27.27%,0.09%,NA,NA,27.27%,0.09%,NA,NA,NA,NA,33.33%,0.11%,NA,NA,NA,NA
Bacteria,Unid_Vicinamibacteraceae_0,55.10%,2.29%,57.45%,2.67%,53.33%,2.30%,50.00%,1.69%,50.00%,2.41%,54.55%,1.79%,60.00%,2.94%,54.55%,2.57%,54.55%,1.48%,54.55%,2.42%,50.00%,2.10%,100.00%,4.82%,NA,NA
Bacteria,Unid_Vicinamibacteraceae_45,34.69%,0.40%,48.94%,0.54%,44.44%,0.45%,41.67%,0.49%,25.00%,0.16%,27.27%,0.30%,50.00%,0.42%,54.55%,0.53%,54.55%,0.55%,27.27%,0.23%,41.67%,0.38%,66.67%,1.24%,NA,NA
Bacteria,Unid_Vicinamibacteraceae39,NA,NA,NA,NA,NA,NA,NA,NA,NA,NA,NA,NA,NA,NA,NA,NA,27.27%,0.24%,NA,NA,NA,NA,NA,NA,NA,NA
Bacteria,Unid_Vicinamibacterales,55.10%,2.35%,57.45%,1.84%,53.33%,2.03%,50.00%,1.56%,50.00%,1.74%,54.55%,1.50%,60.00%,2.59%,54.55%,1.65%,54.55%,2.45%,54.55%,1.47%,50.00%,1.98%,100.00%,3.82%,NA,NA
Bacteria,Unid_Vicinamibacterales32,NA,NA,NA,NA,NA,NA,NA,NA,NA,NA,27.27%,0.15%,NA,NA,NA,NA,NA,NA,NA,NA,NA,NA,NA,NA,NA,NA
Bacteria,Unid_Vicinamibacterales34,NA,NA,NA,NA,NA,NA,NA,NA,NA,NA,NA,NA,NA,NA,NA,NA,NA,NA,NA,NA,NA,NA,50.00%,0.24%,NA,NA
Bacteria,Unid_Vicinamibacterales35,NA,NA,NA,NA,NA,NA,NA,NA,NA,NA,NA,NA,NA,NA,NA,NA,36.36%,0.06%,NA,NA,NA,NA,33.33%,0.15%,NA,NA
Bacteria,Unid_Vicinamibacterales36,55.10%,0.48%,51.06%,0.52%,51.11%,0.50%,50.00%,0.44%,41.67%,0.29%,54.55%,0.39%,60.00%,0.49%,45.45%,0.51%,54.55%,0.20%,54.55%,0.49%,50.00%,0.64%,83.33%,1.02%,NA,NA
Bacteria,Unid_Vicinamibacteria,NA,NA,25.53%,0.10%,26.67%,0.09%,NA,NA,33.33%,0.08%,NA,NA,NA,NA,36.36%,0.13%,27.27%,0.10%,27.27%,0.04%,NA,NA,66.67%,0.25%,NA,NA
Bacteria,Unid_Xanthobacteraceae,NA,NA,NA,NA,NA,NA,NA,NA,NA,NA,NA,NA,NA,NA,NA,NA,45.45%,2.19%,NA,NA,NA,NA,NA,NA,NA,NA
Bacteria,Unid_Xanthobacteraceae513,NA,NA,NA,NA,NA,NA,NA,NA,NA,NA,27.27%,0.40%,NA,NA,NA,NA,NA,NA,NA,NA,25.00%,0.38%,33.33%,0.79%,NA,NA
Bacteria,Unid_Xanthomonadaceae,NA,NA,NA,NA,NA,NA,NA,NA,NA,NA,NA,NA,30.00%,0.05%,NA,NA,NA,NA,27.27%,0.07%,NA,NA,NA,NA,NA,NA
Bacteria,Vampirovibrionales_sp,NA,NA,NA,NA,NA,NA,NA,NA,NA,NA,NA,NA,NA,NA,NA,NA,NA,NA,NA,NA,25.00%,0.04%,NA,NA,NA,NA
Fungi,Acremonium_pilosum,NA,NA,NA,NA,NA,NA,NA,NA,NA,NA,NA,NA,33.33%,0.21%,NA,NA,NA,NA,NA,NA,NA,NA,NA,NA,NA,NA
Fungi,Alternaria_alternata,29.41%,0.52%,NA,NA,27.66%,0.25%,NA,NA,50.00%,1.05%,33.33%,0.03%,NA,NA,33.33%,0.62%,33.33%,0.17%,NA,NA,27.27%,0.08%,NA,NA,NA,NA
Fungi,Aspergillus_awamori,NA,NA,NA,NA,NA,NA,NA,NA,NA,NA,NA,NA,NA,NA,NA,NA,33.33%,0.05%,NA,NA,NA,NA,NA,NA,32.00%,0.04%
Fungi,Aspergillus_heterocaryoticus,25.49%,0.72%,NA,NA,25.53%,0.89%,25.00%,0.09%,25.00%,0.48%,NA,NA,33.33%,1.26%,NA,NA,41.67%,2.73%,25.00%,0.10%,NA,NA,NA,NA,32.00%,0.04%
Fungi,Aspergillus_keveii,NA,NA,NA,NA,NA,NA,NA,NA,NA,NA,NA,NA,NA,NA,25.00%,0.11%,NA,NA,NA,NA,NA,NA,NA,NA,32.00%,0.04%
Fungi,Aspergillus_ochraceopetaliformis,47.06%,0.80%,26.00%,0.09%,36.17%,0.23%,25.00%,0.04%,50.00%,0.31%,41.67%,0.15%,41.67%,2.54%,33.33%,0.12%,58.33%,0.54%,25.00%,0.12%,27.27%,0.06%,NA,NA,32.00%,0.04%
Fungi,Aspergillus_ochraceus,NA,NA,NA,NA,NA,NA,NA,NA,41.67%,0.23%,25.00%,0.05%,NA,NA,33.33%,0.05%,25.00%,0.15%,NA,NA,NA,NA,NA,NA,32.00%,0.04%
Fungi,Aspergillus_sp,56.86%,1.13%,40.00%,0.26%,42.55%,0.30%,58.33%,2.83%,58.33%,0.51%,41.67%,0.32%,50.00%,0.75%,50.00%,0.53%,41.67%,0.32%,41.67%,0.19%,36.36%,0.13%,66.67%,0.53%,32.00%,0.04%
Fungi,Aspergillus_sulphureoviridis,NA,NA,NA,NA,NA,NA,NA,NA,NA,NA,NA,NA,NA,NA,NA,NA,NA,NA,25.00%,0.07%,NA,NA,NA,NA,32.00%,0.04%
Fungi,Aspergillus_tamarii,NA,NA,NA,NA,NA,NA,NA,NA,41.67%,0.24%,NA,NA,25.00%,0.11%,25.00%,0.05%,25.00%,0.14%,NA,NA,27.27%,0.09%,NA,NA,32.00%,0.04%
Fungi,Cephalotrichum_sp,NA,NA,NA,NA,NA,NA,NA,NA,NA,NA,NA,NA,NA,NA,NA,NA,25.00%,0.09%,NA,NA,NA,NA,33.33%,0.15%,NA,NA
Fungi,Cercophora_sp,NA,NA,NA,NA,NA,NA,NA,NA,25.00%,0.50%,NA,NA,NA,NA,NA,NA,25.00%,0.09%,NA,NA,27.27%,0.12%,NA,NA,NA,NA
Fungi,Chaetomium_sp,58.82%,7.29%,58.00%,5.85%,57.45%,5.86%,50.00%,3.16%,58.33%,12.63%,50.00%,3.89%,58.33%,6.87%,58.33%,6.89%,75.00%,7.34%,50.00%,5.33%,45.45%,3.30%,100.00%,10.49%,60.00%,0.59%
Fungi,Chaetomium_sp6,58.82%,13.58%,56.00%,14.42%,51.06%,11.72%,58.33%,12.67%,66.67%,19.56%,50.00%,10.23%,58.33%,15.31%,50.00%,11.56%,50.00%,8.91%,50.00%,12.61%,54.55%,13.62%,100.00%,24.92%,60.00%,0.59%
Fungi,Cladosporium_sp,NA,NA,NA,NA,NA,NA,NA,NA,NA,NA,NA,NA,41.67%,3.22%,NA,NA,NA,NA,NA,NA,NA,NA,NA,NA,NA,NA
Fungi,Clonostachys_sp,NA,NA,NA,NA,NA,NA,NA,NA,NA,NA,NA,NA,NA,NA,NA,NA,NA,NA,NA,NA,NA,NA,33.33%,0.09%,NA,NA
Fungi,Colletotrichum_karsti,NA,NA,NA,NA,NA,NA,NA,NA,NA,NA,NA,NA,NA,NA,NA,NA,NA,NA,NA,NA,NA,NA,66.67%,1.07%,NA,NA
Fungi,Ctenomyces_sp,NA,NA,NA,NA,NA,NA,NA,NA,NA,NA,NA,NA,NA,NA,NA,NA,NA,NA,NA,NA,36.36%,0.16%,NA,NA,NA,NA
Fungi,Cystobasidium_sp,NA,NA,NA,NA,NA,NA,NA,NA,NA,NA,NA,NA,NA,NA,25.00%,16.93%,NA,NA,NA,NA,NA,NA,NA,NA,NA,NA
Fungi,Dactylonectria_alcacerensis,NA,NA,28.00%,0.17%,NA,NA,25.00%,0.21%,25.00%,0.18%,25.00%,0.20%,NA,NA,33.33%,0.10%,NA,NA,NA,NA,NA,NA,NA,NA,NA,NA
Fungi,Dichotomophthora_lutea,NA,NA,NA,NA,NA,NA,25.00%,0.06%,NA,NA,25.00%,0.10%,NA,NA,NA,NA,33.33%,0.09%,NA,NA,NA,NA,NA,NA,NA,NA
Fungi,Emericellopsis_sp,54.90%,2.54%,52.00%,3.40%,53.19%,3.50%,41.67%,3.48%,66.67%,2.35%,50.00%,1.13%,50.00%,2.97%,58.33%,5.65%,58.33%,3.15%,50.00%,3.63%,45.45%,1.14%,66.67%,1.52%,NA,NA
Fungi,Fusarium_proliferatum,60.78%,19.01%,64.00%,17.99%,53.19%,14.86%,66.67%,16.79%,83.33%,22.83%,58.33%,22.33%,66.67%,25.02%,58.33%,12.00%,50.00%,16.82%,50.00%,14.12%,54.55%,16.14%,83.33%,13.94%,"82%, 38%","1.69%, 0.44%"
Fungi,Fusarium_solani,62.75%,6.15%,62.00%,3.99%,59.57%,5.51%,58.33%,6.76%,75.00%,6.41%,50.00%,1.19%,58.33%,3.09%,50.00%,2.78%,75.00%,9.11%,58.33%,8.31%,54.55%,1.33%,100.00%,6.37%,"82%, 38%","1.69%, 0.44%"
Fungi,Macrophomina_phaseolina,35.29%,17.06%,32.00%,17.43%,34.04%,16.78%,41.67%,25.00%,25.00%,0.67%,41.67%,33.70%,41.67%,19.73%,50.00%,18.38%,41.67%,5.34%,25.00%,10.21%,NA,NA,NA,NA,NA,NA
Fungi,Microascus_brevicaulis,NA,NA,NA,NA,NA,NA,NA,NA,25.00%,0.15%,NA,NA,NA,NA,NA,NA,NA,NA,NA,NA,NA,NA,NA,NA,NA,NA
Fungi,Microascus_sp,37.25%,0.52%,26.00%,2.57%,38.30%,2.68%,41.67%,0.06%,33.33%,0.97%,NA,NA,25.00%,1.26%,41.67%,1.92%,25.00%,0.28%,25.00%,0.58%,63.64%,9.49%,NA,NA,NA,NA
Fungi,Mortierella_sp,NA,NA,NA,NA,NA,NA,33.33%,0.08%,NA,NA,25.00%,0.09%,NA,0.34%,NA,NA,NA,NA,33.33%,0.39%,NA,NA,50.00%,0.59%,85.00%,4.24%
Fungi,Myrothecium_roridum,29.41%,0.09%,NA,NA,25.53%,0.13%,NA,NA,33.33%,0.09%,25.00%,0.20%,NA,0.49%,25.00%,0.27%,25.00%,0.10%,NA,NA,36.36%,0.11%,NA,NA,NA,NA
Fungi,Penicillium_fuscoglaucum,39.22%,0.04%,30.00%,0.20%,38.30%,0.12%,NA,NA,33.33%,0.04%,25.00%,0.01%,33.33%,0.34%,50.00%,0.17%,41.67%,0.23%,33.33%,0.03%,27.27%,0.02%,66.67%,0.12%,NA,NA
Fungi,Penicillium_sp,31.37%,0.18%,28.00%,0.35%,29.79%,0.28%,25.00%,0.22%,25.00%,0.06%,33.33%,0.19%,33.33%,0.49%,33.33%,0.14%,41.67%,0.67%,NA,NA,27.27%,0.09%,33.33%,0.10%,NA,NA
Fungi,Phaeoacremonium_sp,54.90%,3.75%,56.00%,3.59%,51.06%,2.76%,50.00%,1.63%,66.67%,6.03%,50.00%,3.31%,50.00%,3.40%,50.00%,2.11%,50.00%,1.98%,50.00%,2.64%,54.55%,4.32%,100.00%,10.49%,NA,NA
Fungi,Pleiocarpon_sp,NA,NA,NA,NA,NA,NA,NA,NA,NA,NA,NA,NA,NA,NA,25.00%,0.04%,NA,NA,NA,NA,NA,NA,NA,NA,NA,NA
Fungi,Polyschema_larviformis,NA,NA,NA,NA,NA,NA,NA,NA,NA,NA,NA,NA,NA,NA,NA,NA,NA,NA,NA,NA,NA,NA,33.33%,0.35%,NA,NA
Fungi,Preussia_terricola,NA,NA,NA,NA,NA,NA,25.00%,0.09%,NA,NA,25.00%,0.25%,25.00%,0.13%,NA,NA,NA,NA,NA,NA,27.27%,0.16%,NA,NA,NA,NA
Fungi,Retroconis_fusiformis,NA,NA,NA,NA,NA,NA,NA,NA,NA,NA,NA,NA,NA,NA,NA,NA,25.00%,2.53%,NA,NA,NA,NA,NA,NA,NA,NA
Fungi,Rhizoctonia_sp,NA,NA,NA,NA,NA,NA,NA,NA,NA,NA,NA,NA,NA,NA,NA,NA,NA,NA,NA,NA,27.27%,0.07%,NA,NA,NA,NA
Fungi,Rhizophlyctis_rosea,NA,NA,NA,NA,NA,NA,25.00%,0.10%,NA,NA,NA,NA,NA,NA,NA,NA,NA,NA,NA,NA,36.36%,0.13%,NA,NA,43.00%,0.25%
Fungi,Schizothecium_sp,NA,NA,NA,NA,NA,NA,NA,NA,NA,NA,NA,NA,NA,NA,NA,NA,NA,NA,NA,NA,NA,NA,33.33%,0.66%,NA,NA
Fungi,Trichocladium_arxii,NA,NA,NA,NA,NA,NA,NA,NA,NA,NA,25.00%,0.46%,NA,NA,NA,NA,NA,NA,NA,NA,NA,NA,33.33%,1.67%,NA,NA
Fungi,Unid_Ceratobasidiaceae,NA,NA,NA,NA,NA,NA,NA,NA,NA,NA,NA,NA,25.00%,0.05%,NA,NA,NA,NA,NA,NA,NA,NA,NA,NA,NA,NA
Fungi,Unid_Chaetomiaceae,62.75%,9.64%,54.00%,5.90%,59.57%,9.41%,50.00%,3.90%,66.67%,7.88%,50.00%,6.45%,50.00%,4.85%,58.33%,6.91%,66.67%,14.00%,50.00%,4.11%,63.64%,10.94%,83.33%,9.63%,30.00%,0.03%
Fungi,Unid_Hypocreales,NA,NA,NA,NA,NA,NA,NA,NA,NA,NA,25.00%,8.38%,50.00%,0.32%,NA,NA,NA,NA,NA,NA,NA,NA,NA,NA,NA,NA
Fungi,Unid_Mortierellaceae,25.49%,0.11%,NA,NA,NA,NA,NA,NA,NA,NA,NA,NA,33.33%,0.09%,25.00%,0.08%,NA,NA,NA,NA,27.27%,0.16%,33.33%,0.14%,NA,NA
Fungi,Unid_Mortierellaceae8,54.90%,1.68%,60.00%,5.82%,63.83%,6.53%,50.00%,0.77%,41.67%,0.61%,50.00%,0.83%,50.00%,1.06%,58.33%,0.78%,66.67%,7.76%,66.67%,12.04%,63.64%,5.32%,83.33%,2.74%,NA,NA
Fungi,Unid_Mortierellales,31.37%,0.30%,44.00%,0.47%,38.30%,0.32%,NA,NA,41.67%,0.36%,33.33%,0.22%,41.67%,0.17%,50.00%,0.49%,41.67%,0.29%,NA,NA,45.45%,0.39%,66.67%,1.80%,NA,NA
Fungi,Unid_Nectriaceae,56.86%,5.19%,54.00%,3.61%,59.57%,5.81%,58.33%,7.16%,50.00%,1.45%,50.00%,1.77%,50.00%,2.86%,58.33%,7.86%,66.67%,3.07%,58.33%,9.83%,54.55%,1.68%,50.00%,1.67%,NA,NA
Fungi,Unid_Pyronemataceae,47.06%,2.75%,52.00%,2.30%,51.06%,2.11%,41.67%,3.55%,50.00%,4.59%,50.00%,1.48%,41.67%,1.24%,50.00%,1.42%,50.00%,3.86%,50.00%,1.45%,54.55%,1.62%,66.67%,3.92%,NA,NA
Fungi,Unid_Rozellomycota,39.22%,1.00%,36.00%,0.53%,36.17%,0.54%,41.67%,0.12%,33.33%,0.09%,41.67%,0.21%,25.00%,1.25%,50.00%,0.82%,25.00%,0.85%,33.33%,0.21%,36.36%,0.21%,66.67%,4.83%,NA,NA
Fungi,Unid_Sordariaceae,54.90%,2.05%,52.00%,3.07%,53.19%,3.01%,58.33%,2.89%,58.33%,1.40%,50.00%,2.65%,41.67%,1.42%,50.00%,1.23%,66.67%,3.11%,41.67%,5.69%,54.55%,1.83%,66.67%,2.22%,NA,NA
Fungi,Unid_Sordariomycetes,NA,NA,NA,NA,NA,NA,NA,NA,NA,NA,NA,NA,NA,NA,NA,NA,25.00%,6.25%,NA,NA,NA,NA,NA,NA,"50%, 45%, 42%, 40%, 27%","0.25%, 0.37%, 0.13%, 1.15%, 0.08%"
Fungi,Unid_Sporormiaceae,NA,NA,NA,NA,NA,NA,NA,NA,NA,NA,25.00%,0.16%,NA,NA,NA,NA,NA,NA,NA,NA,NA,NA,NA,NA,NA,NA
